expression,reading,meaning,tags
ああ,ああ,"Ah!, Oh!",JLPT JLPT_4 JLPT_5 JLPT_N5
会う,あう,"to meet, to see",JLPT JLPT_3 JLPT_5 JLPT_N5
青,あお,blue,JLPT JLPT_5 JLPT_N5
青い,あおい,blue,Genki Genki_Ln.9 JLPT JLPT_5 JLPT_N5
赤,あか,red,JLPT JLPT_5 JLPT_N5
赤い,あかい,red,Genki Genki_Ln.9 Intermediate_Japanese Intermediate_Japanese_Ln.12 JLPT JLPT_5 JLPT_N5
明るい,あかるい,bright (in reference to personality or weather); cheerful,Genki Genki_Ln.18 Intermediate_Japanese Intermediate_Japanese_Ln.11 JLPT JLPT_5 JLPT_N5
秋,あき,fall (season),Genki Genki_Ln.10 Intermediate_Japanese Intermediate_Japanese_Ln.4 JLPT JLPT_3 JLPT_5 JLPT_N5
開く,あく,"to open, to become open",JLPT JLPT_3 JLPT_5 JLPT_N5
開ける,あける,to open (v.t.),Intermediate_Japanese Intermediate_Japanese_Ln.12 JLPT JLPT_3 JLPT_5 JLPT_N5
上げる,あげる,"to raise, to lift",JLPT JLPT_3 JLPT_5 JLPT_N5
朝,あさ,morning,Genki Genki_Ln.3 Intermediate_Japanese Intermediate_Japanese_Ln.2 JLPT JLPT_5 JLPT_N5
朝御飯,あさごはん,breakfast,Genki Genki_Ln.3 JLPT JLPT_5 JLPT_N5
明後日,あさって,day after tomorrow,JLPT JLPT_5 JLPT_N5
足; 脚,あし,foot; leg,JLPT JLPT_5 JLPT_N5
明日,あした,tomorrow,Genki Genki_Ln.3 Intermediate_Japanese Intermediate_Japanese_Ln.7 JLPT JLPT_3 JLPT_5 JLPT_N5
あそこ,あそこ,"there, over there, that place",Genki Genki_Ln.2 JLPT JLPT_5 JLPT_N5
遊ぶ,あそぶ,to play; to spend time pleasantly; to hang out,Genki Genki_Ln.6 Intermediate_Japanese Intermediate_Japanese_Ln.1 JLPT JLPT_5 JLPT_N5
暖かい,あたたかい,warm,JLPT_N5
頭,あたま,head,Intermediate_Japanese Intermediate_Japanese_Ln.2 JLPT JLPT_5 JLPT_N5
新しい,あたらしい,new,Genki Genki_Ln.5 JLPT JLPT_5 JLPT_N5
あちら,あちら,this way (polite),Genki Genki_Ln.20 JLPT JLPT_5 JLPT_N5
暑い,あつい,"hot (in reference to weather), warm",Genki Genki_Ln.5 Intermediate_Japanese Intermediate_Japanese_Ln.4 JLPT JLPT_5 JLPT_N5
熱い,あつい,hot (objects),Genki Genki_Ln.5 JLPT JLPT_5 JLPT_N5
厚い,あつい,"kind, warm(hearted), thick, deep",JLPT JLPT_5 JLPT_N5
あっち,あっち,over there,JLPT JLPT_5 JLPT_N5
後,あと,afterwards (later); in the future; the rest; since then,Genki Genki_Ln.18 JLPT JLPT_2 JLPT_3 JLPT_5 JLPT_N5
あなた,あなた,you,Genki Genki_Ln.4 JLPT JLPT_5 JLPT_N5
兄,あに,(my) older brother (humble),Genki Genki_Ln.14 JLPT JLPT_5 JLPT_N5
姉,あね,(my) older sister (humble),Genki Genki_Ln.7 JLPT JLPT_5 JLPT_N5
アパート,アパート,apartment (abbr.),Genki Genki_Ln.7 JLPT JLPT_5 JLPT_N5
あの,あの,"that over there; like that, that way; um...",JLPT JLPT_4 JLPT_5 JLPT_N5
浴びる,あびる,"to bathe, to shower",JLPT JLPT_3 JLPT_5 JLPT_N5
危ない,あぶない,"dangerous, critical",Intermediate_Japanese Intermediate_Japanese_Ln.15 JLPT JLPT_5 JLPT_N5
甘い,あまい,"generous, sweet",Genki Genki_Ln.12 JLPT JLPT_5 JLPT_N5
余り,あまり,not very; surplus,JLPT JLPT_3 JLPT_5 JLPT_N5
雨,あめ,rain,Genki Genki_Ln.8 JLPT JLPT_5 JLPT_N5
飴,あめ,(hard) candy,JLPT JLPT_5 JLPT_N5
洗う,あらう,to wash,Genki Genki_Ln.8 Intermediate_Japanese Intermediate_Japanese_Ln.10 JLPT JLPT_5 JLPT_N5
在る,ある,"to be, to have",JLPT JLPT_3 JLPT_5 JLPT_N5
有る,ある,"to be, to have",JLPT JLPT_3 JLPT_5 JLPT_N5
歩く,あるく,to walk,Genki Genki_Ln.20 Intermediate_Japanese Intermediate_Japanese_Ln.1 JLPT JLPT_5 JLPT_N5
あれ,あれ,that one (over there),Genki Genki_Ln.2 JLPT JLPT_5 JLPT_N5
いい; よい,いい; よい,good,JLPT JLPT_5 JLPT_N5
いいえ,いいえ,"no, not at all",JLPT JLPT_5 JLPT_N5
言う,いう,to say,Genki Genki_Ln.8 JLPT JLPT_5 JLPT_N5
家,いえ,"house, home",Genki Genki_Ln.3 JLPT JLPT_2 JLPT_3 JLPT_5 JLPT_N5
いかが,いかが,"how, in what way",JLPT JLPT_5 JLPT_N5
行く,いく; ゆく,to go,JLPT JLPT_5 JLPT_N5
いくつ,いくつ,"how many, how old",JLPT JLPT_3 JLPT_5 JLPT_N5
いくら,いくら,"how much, how many",Genki Genki_Ln.2 JLPT JLPT_3 JLPT_5 JLPT_N5
池,いけ,pond,JLPT JLPT_5 JLPT_N5
医者,いしゃ,doctor; physician,Genki Genki_Ln.1 Genki_Ln.10 Intermediate_Japanese Intermediate_Japanese_Ln.12 JLPT JLPT_5 JLPT_N5
椅子,いす,chair,JLPT JLPT_3 JLPT_5 JLPT_N5
忙しい,いそがしい,"busy (people, days)",Genki Genki_Ln.5 JLPT JLPT_5 JLPT_N5
痛い,いたい,hurt; painful; sore,Genki Genki_Ln.12 Intermediate_Japanese Intermediate_Japanese_Ln.5 JLPT JLPT_5 JLPT_N5
一,いち,one,JLPT JLPT_3 JLPT_5 JLPT_N5
一日,いちにち,one day (duration),Genki Genki_Ln.13 JLPT JLPT_5 JLPT_N5
一番,いちばん,"best (most), first, number one",Genki Genki_Ln.10 Intermediate_Japanese Intermediate_Japanese_Ln.3 JLPT JLPT_3 JLPT_5 JLPT_N5
いつ,いつ,when,Genki Genki_Ln.3 JLPT JLPT_2 JLPT_5 JLPT_N5
五日,いつか,five days; fifth day of the month,Genki Genki_Ln.13 JLPT JLPT_3 JLPT_5 JLPT_N5
一緒,いっしょ,together,Intermediate_Japanese Intermediate_Japanese_Ln.7 JLPT JLPT_5 JLPT_N5
五つ,いつつ,five things,Genki Genki_Ln.9 JLPT JLPT_5 JLPT_N5
いつも,いつも,"always, usually, every time, never (with neg. verb)",Genki Genki_Ln.12 JLPT JLPT_3 JLPT_5 JLPT_N5
犬,いぬ,dog,Genki Genki_Ln.4 JLPT JLPT_5 JLPT_N5
今,いま,now,Genki Genki_Ln.1 JLPT JLPT_3 JLPT_5 JLPT_N5
意味,いみ,"meaning, significance",Genki Genki_Ln.12 Intermediate_Japanese Intermediate_Japanese_Ln.2 JLPT JLPT_5 JLPT_N5
妹,いもうと,younger sister (humble),Genki Genki_Ln.1 Genki_Ln.7 JLPT JLPT_5 JLPT_N5
嫌,いや,"disagreeable, detestable, unpleasant",JLPT JLPT_3 JLPT_5 JLPT_N5
入口,いりぐち,entrance,JLPT JLPT_5 JLPT_N5
居る,いる,"(humble) to be (animate), to exist",JLPT JLPT_5 JLPT_N5
要る,いる,to need,JLPT JLPT_5 JLPT_N5
入れる,いれる,to put in,JLPT JLPT_5 JLPT_N5
色,いろ,color,Genki Genki_Ln.9 Intermediate_Japanese Intermediate_Japanese_Ln.9 JLPT JLPT_5 JLPT_N5
色々,いろいろ,various,JLPT JLPT_5 JLPT_N5
上,うえ,"above (up, top, etc.), over, on top of",JLPT JLPT_2 JLPT_5 JLPT_N5
後ろ,うしろ,"back, behind, rear",JLPT JLPT_3 JLPT_5 JLPT_N5
薄い,うすい,"thin, weak",JLPT JLPT_3 JLPT_5 JLPT_N5
歌,うた,a song,Genki Genki_Ln.7 JLPT JLPT_5 JLPT_N5
歌う,うたう,to sing,Genki Genki_Ln.7 Intermediate_Japanese Intermediate_Japanese_Ln.7 JLPT JLPT_5 JLPT_N5
うち,うち,home; house; my place,Genki Genki_Ln.3 JLPT JLPT_3 JLPT_5 JLPT_N5
生まれる,うまれる,to be born,JLPT JLPT_3 JLPT_5 JLPT_N5
海,うみ,"sea, beach",Genki Genki_Ln.5 JLPT JLPT_5 JLPT_N5
売る,うる,to sell (v.t.),Genki Genki_Ln.15 Intermediate_Japanese Intermediate_Japanese_Ln.6 JLPT JLPT_3 JLPT_5 JLPT_N5
うるさい,うるさい,noisy; annoying,Genki Genki_Ln.22 JLPT JLPT_3 JLPT_5 JLPT_N5
上着,うわぎ,"coat, jacket",JLPT JLPT_5 JLPT_N5
絵,え,a painting; a picture; a drawing,Genki Genki_Ln.15 JLPT JLPT_3 JLPT_5 JLPT_N5
映画,えいが,"movie, film",Genki Genki_Ln.3 Intermediate_Japanese Intermediate_Japanese_Ln.7 JLPT JLPT_5 JLPT_N5
映画館,えいがかん,"movie theater, cinema",Genki Genki_Ln.15 JLPT JLPT_5 JLPT_N5
英語,えいご,English (language),Genki Genki_Ln.1 JLPT JLPT_5 JLPT_N5
ええ,ええ,yes,Genki Genki_Ln.1 JLPT JLPT_5 JLPT_N5
駅,えき,station,Genki Genki_Ln.10 JLPT JLPT_5 JLPT_N5
エレベーター,エレベーター,elevator,JLPT JLPT_2 JLPT_5 JLPT_N5
～円,～えん,Yen,JLPT JLPT_5 JLPT_N5
鉛筆,えんぴつ,pencil,Genki Genki_Ln.2 JLPT JLPT_5 JLPT_N5
お～,お～,honorable ~ (honorific),JLPT JLPT_5 JLPT_N5
美味しい,おいしい,"delicious, tasty",JLPT JLPT_5 JLPT_N5
多い,おおい,many; there are a lot,Intermediate_Japanese Intermediate_Japanese_Ln.1 JLPT JLPT_5 JLPT_N5
大きい,おおきい,"big, large",Genki Genki_Ln.5 JLPT JLPT_5 JLPT_N5
大きな,おおきな,big,JLPT JLPT_5 JLPT_N5
大勢,おおぜい,great number of people,JLPT JLPT_5 JLPT_N5
お母さん,おかあさん,mother (formal),Genki Genki_Ln.1 Genki_Ln.2 JLPT JLPT_5 JLPT_N5
お菓子,おかし,"confections, sweets, snack",Genki Genki_Ln.11 JLPT JLPT_5 JLPT_N5
お金,おかね,money,Genki Genki_Ln.6 JLPT JLPT_5 JLPT_N5
起きる,おきる,"to get up (e.g., from sleeping); to happen",Genki Genki_Ln.3 Intermediate_Japanese Intermediate_Japanese_Ln.12 JLPT JLPT_3 JLPT_5 JLPT_N5
置く,おく,to put; to lay; to place,Genki Genki_Ln.21 JLPT JLPT_3 JLPT_5 JLPT_N5
奥さん,おくさん,(someone else's) wife (hon.),Genki Genki_Ln.14 Intermediate_Japanese Intermediate_Japanese_Ln.9 JLPT JLPT_5 JLPT_N5
お酒,おさけ,sake; alcohol,Genki Genki_Ln.3 JLPT JLPT_5 JLPT_N5
お皿,おさら,"plate, dish",JLPT JLPT_5 JLPT_N5
伯父; 叔父さん,おじさん,"uncle, middle-aged man",JLPT JLPT_5 JLPT_N5
おじいさん,おじいさん,"grandfather, male senior citizen",Genki Genki_Ln.13 JLPT JLPT_3 JLPT_5 JLPT_N5
教える,おしえる,"to teach, to inform, to instruct",Intermediate_Japanese Intermediate_Japanese_Ln.1 JLPT JLPT_5 JLPT_N5
押す,おす,"to push, to press, to stamp (e.g., a passport)",Genki Genki_Ln.18 JLPT JLPT_5 JLPT_N5
遅い,おそい,slow; (to be) late,Genki Genki_Ln.10 Intermediate_Japanese Intermediate_Japanese_Ln.11 JLPT JLPT_5 JLPT_N5
お茶,おちゃ,(green) tea,Genki Genki_Ln.3 Intermediate_Japanese Intermediate_Japanese_Ln.6 JLPT JLPT_5 JLPT_N5
お手洗い,おてあらい,"toilet, restroom, bathroom (lit., a place to wash one's hands)",Genki Genki_Ln.2 Intermediate_Japanese Intermediate_Japanese_Ln.13 JLPT JLPT_5 JLPT_N5
お父さん,おとうさん,father (formal),Genki Genki_Ln.1 Genki_Ln.2 JLPT JLPT_5 JLPT_N5
弟,おとうと,younger brother,Genki Genki_Ln.1 Genki_Ln.7 JLPT JLPT_5 JLPT_N5
男,おとこ,"man, male",Genki Genki_Ln.17 JLPT JLPT_5 JLPT_N5
男の子,おとこのこ,boy,Genki Genki_Ln.11 JLPT JLPT_5 JLPT_N5
一昨日,おととい,the day before yesterday,Genki Genki_Ln.19 JLPT JLPT_5 JLPT_N5
おととし,おととし,year before last,JLPT JLPT_5 JLPT_N5
大人,おとな,adult,Genki Genki_Ln.13 JLPT JLPT_5 JLPT_N5
お腹,おなか,stomach,JLPT JLPT_3 JLPT_5 JLPT_N5
同じ,おなじ,"same, identical",Genki Genki_Ln.14 Intermediate_Japanese Intermediate_Japanese_Ln.1 JLPT JLPT_5 JLPT_N5
お兄さん,おにいさん,(someone else's) older brother (formal),Genki Genki_Ln.1 Genki_Ln.7 Intermediate_Japanese Intermediate_Japanese_Ln.4 JLPT JLPT_5 JLPT_N5
お姉さん,おねえさん,older sister (formal),Genki Genki_Ln.1 Genki_Ln.7 JLPT JLPT_5 JLPT_N5
伯母さん; 叔母さん,おばさん,aunt,JLPT JLPT_5 JLPT_N5
おばあさん,おばあさん,"grandmother, female senior-citizen",Genki Genki_Ln.6 JLPT JLPT_5 JLPT_N5
お風呂,おふろ,a bath,JLPT_N5
お弁当,おべんとう,a boxed lunch,Genki Genki_Ln.9 JLPT JLPT_5 JLPT_N5
覚える,おぼえる,"to learn, to commit to memory, to remember, to memorize",Intermediate_Japanese Intermediate_Japanese_Ln.2 JLPT JLPT_5 JLPT_N5
おまわりさん,おまわりさん,policeman (friendly term),JLPT JLPT_5 JLPT_N5
重い,おもい,heavy; serious,Genki Genki_Ln.20 JLPT JLPT_3 JLPT_5 JLPT_N5
面白い,おもしろい,"interesting, amusing",Genki Genki_Ln.5 Intermediate_Japanese Intermediate_Japanese_Ln.4 JLPT JLPT_5 JLPT_N5
泳ぐ,およぐ,to swim,Genki Genki_Ln.5 JLPT JLPT_5 JLPT_N5
降りる,おりる,to get off,JLPT JLPT_3 JLPT_5 JLPT_N5
終る,おわる,"to finish, to close",JLPT JLPT_5 JLPT_N5
音楽,おんがく,Music,Genki Genki_Ln.3 Intermediate_Japanese Intermediate_Japanese_Ln.3 JLPT JLPT_5 JLPT_N5
女,おんな,"woman, female",Genki Genki_Ln.17 JLPT JLPT_5 JLPT_N5
女の子,おんなのこ,girl,Genki Genki_Ln.11 JLPT JLPT_5 JLPT_N5
～回,～かい,counter for occurrences (~ times),JLPT JLPT_1 JLPT_5 JLPT_N5
～階,～かい,counter for stories (floors) of a building,JLPT JLPT_4 JLPT_5 JLPT_N5
外国,がいこく,foreign country; abroad,Genki Genki_Ln.11 Intermediate_Japanese Intermediate_Japanese_Ln.6 JLPT JLPT_5 JLPT_N5
外国人,がいこくじん,foreigner,Genki Genki_Ln.15 JLPT JLPT_5 JLPT_N5
会社,かいしゃ,"company, corporation",Genki Genki_Ln.7 JLPT JLPT_5 JLPT_N5
階段,かいだん,stairs,JLPT JLPT_5 JLPT_N5
買い物,かいもの,shopping,Genki Genki_Ln.4 JLPT JLPT_5 JLPT_N5
買う,かう,to buy,JLPT JLPT_3 JLPT_5 JLPT_N5
返す,かえす,to return something,JLPT JLPT_3 JLPT_5 JLPT_N5
帰る,かえる,"to go back, to go home, to return",Intermediate_Japanese Intermediate_Japanese_Ln.1 JLPT JLPT_3 JLPT_5 JLPT_N5
顔,かお,face (body part),Genki Genki_Ln.10 Intermediate_Japanese Intermediate_Japanese_Ln.2 JLPT JLPT_3 JLPT_5 JLPT_N5
かかる,かかる,"it takes (amount of time, money) (v.i.)",Genki Genki_Ln.10 Intermediate_Japanese Intermediate_Japanese_Ln.1 JLPT JLPT_3 JLPT_5 JLPT_N5
鍵,かぎ,a lock; a key,Genki Genki_Ln.17 JLPT JLPT_3 JLPT_5 JLPT_N5
書く,かく,to write,JLPT JLPT_3 JLPT_5 JLPT_N5
学生,がくせい,student,Genki Genki_Ln.1 JLPT JLPT_5 JLPT_N5
～か月,～かげつ,(number of) months,JLPT JLPT_5 JLPT_N5
掛ける,かける,"to put on (e.g., glasses); to hang (e.g., on a wall)",JLPT JLPT_3 JLPT_4 JLPT_5 JLPT_N5
かける,かける,"to dial/call (e.g., phone); to sit down",Genki Genki_Ln.19 JLPT JLPT_3 JLPT_4 JLPT_5 JLPT_N5
傘,かさ,"umbrella, parasol",Genki Genki_Ln.2 JLPT JLPT_5 JLPT_N5
貸す,かす,to lend,Intermediate_Japanese Intermediate_Japanese_Ln.3 JLPT JLPT_5 JLPT_N5
風,かぜ,"wind, breeze",Genki Genki_Ln.22 JLPT JLPT_5 JLPT_N5
風邪,かぜ,"cold, flu",Genki Genki_Ln.12 JLPT JLPT_5 JLPT_N5
方,かた,-- honorific form for 人 (ひと) --; way of doing,Intermediate_Japanese Intermediate_Japanese_Ln.4 JLPT JLPT_3 JLPT_4 JLPT_5 JLPT_N5
家族,かぞく,"family, members of a family",Genki Genki_Ln.7 Intermediate_Japanese Intermediate_Japanese_Ln.1 JLPT JLPT_5 JLPT_N5
片仮名,かたかな,katakana,JLPT JLPT_5 JLPT_N5
～月,～がつ,month of year,JLPT JLPT_5 JLPT_N5
学校,がっこう,a school,Genki Genki_Ln.3 JLPT JLPT_5 JLPT_N5
カップ,カップ,cup,JLPT JLPT_1 JLPT_5 JLPT_N5
家庭,かてい,home; family,Intermediate_Japanese Intermediate_Japanese_Ln.3 JLPT JLPT_3 JLPT_5 JLPT_N5
角,かど,"corner (e.g., desk, pavement)",Genki Genki_Ln.20 JLPT JLPT_5 JLPT_N5
かばん,かばん,"bag, basket",Genki Genki_Ln.2 JLPT JLPT_5 JLPT_N5
花瓶,かびん,(flower) vase,JLPT JLPT_5 JLPT_N5
かぶる,かぶる,"to wear, to put on (e.g., a hat on the head)",Genki Genki_Ln.7 JLPT JLPT_3 JLPT_5 JLPT_N5
紙,かみ,paper,Genki Genki_Ln.17 JLPT JLPT_3 JLPT_5 JLPT_N5
カメラ,カメラ,camera,Genki Genki_Ln.8 JLPT JLPT_5 JLPT_N5
火曜日,かようび,Tuesday,Genki Genki_Ln.4 JLPT JLPT_5 JLPT_N5
辛い,からい,hot and spicy; salty,Genki Genki_Ln.13 JLPT JLPT_5 JLPT_N5
体,からだ,body; health,Genki Genki_Ln.23 Intermediate_Japanese Intermediate_Japanese_Ln.4 JLPT JLPT_5 JLPT_N5
借りる,かりる,"to borrow, to owe",JLPT JLPT_5 JLPT_N5
～がる,～がる,feel,JLPT JLPT_5 JLPT_N5
軽い,かるい,"light, non-serious, minor",JLPT JLPT_5 JLPT_N5
カレー,カレー,curry (abbr. for curry and rice),Genki Genki_Ln.13 JLPT JLPT_1 JLPT_5 JLPT_N5
カレンダー,カレンダー,calendar,JLPT JLPT_5 JLPT_N5
川; 河,かわ,river,JLPT JLPT_3 JLPT_5 JLPT_N5
～側,～がわ,~ side,JLPT_N5
可愛い,かわいい,"cute, adorable",JLPT JLPT_5 JLPT_N5
漢字,かんじ,kanji; Chinese character,Genki Genki_Ln.6 Intermediate_Japanese Intermediate_Japanese_Ln.4 JLPT JLPT_3 JLPT_5 JLPT_N5
木,き,"tree, wood, timber",Genki Genki_Ln.22 JLPT JLPT_5 JLPT_N5
黄色,きいろ,yellow,JLPT JLPT_5 JLPT_N5
黄色い,きいろい,yellow,JLPT JLPT_5 JLPT_N5
消える,きえる,"to vanish, to disappear",Genki Genki_Ln.18 JLPT JLPT_5 JLPT_N5
聞く,きく,"to hear, to listen, to ask",JLPT JLPT_3 JLPT_5 JLPT_N5
北,きた,north,Intermediate_Japanese Intermediate_Japanese_Ln.10 JLPT JLPT_5 JLPT_N5
ギター,ギター,guitar,Genki Genki_Ln.9 JLPT JLPT_5 JLPT_N5
汚い,きたない,"dirty, unclean, filthy",Genki Genki_Ln.16 JLPT JLPT_5 JLPT_N5
喫茶店,きっさてん,café,Genki Genki_Ln.2 Intermediate_Japanese Intermediate_Japanese_Ln.11 JLPT JLPT_5 JLPT_N5
切手,きって,postal (postage) stamps,Genki Genki_Ln.5 Intermediate_Japanese Intermediate_Japanese_Ln.3 JLPT JLPT_5 JLPT_N5
切符,きっぷ,a ticket,Genki Genki_Ln.5 Intermediate_Japanese Intermediate_Japanese_Ln.10 JLPT JLPT_5 JLPT_N5
昨日,きのう,yesterday,Genki Genki_Ln.4 JLPT JLPT_3 JLPT_5 JLPT_N5
九,きゅう,nine,JLPT JLPT_3 JLPT_5 JLPT_N5
牛肉,ぎゅうにく,beef,JLPT JLPT_5 JLPT_N5
牛乳,ぎゅうにゅう,milk,Genki Genki_Ln.18 JLPT JLPT_5 JLPT_N5
今日,きょう,"today, this day",Genki Genki_Ln.3 JLPT JLPT_5 JLPT_N5
教室,きょうしつ,classroom,Intermediate_Japanese Intermediate_Japanese_Ln.3 JLPT JLPT_5 JLPT_N5
兄弟,きょうだい,"siblings (humble), brothers and sisters",Genki Genki_Ln.7 JLPT JLPT_5 JLPT_N5
去年,きょねん,last year,Genki Genki_Ln.14 Intermediate_Japanese Intermediate_Japanese_Ln.1 JLPT JLPT_5 JLPT_N5
嫌い,きらい,dislike,JLPT JLPT_5 JLPT_N5
切る,きる,to cut; to hang up (a phone),Genki Genki_Ln.8 Intermediate_Japanese Intermediate_Japanese_Ln.12 JLPT JLPT_5 JLPT_N5
着る,きる,to put on (clothes above your waist); to wear,Genki Genki_Ln.7 Intermediate_Japanese Intermediate_Japanese_Ln.9 JLPT JLPT_5 JLPT_N5
綺麗,きれい,"pretty, clean, tidy",JLPT JLPT_5 JLPT_N5
キロ; キログラム,キロ; キログラム,(abbr.) kilo (kilogram),JLPT JLPT_3 JLPT_5 JLPT_N5
キロ; キロメートル,キロ; キロメートル,(abbr.) kilo (kilometer),JLPT JLPT_3 JLPT_5 JLPT_N5
銀行,ぎんこう,bank,Genki Genki_Ln.2 JLPT JLPT_5 JLPT_N5
金曜日,きんようび,Friday,Genki Genki_Ln.4 JLPT JLPT_3 JLPT_5 JLPT_N5
九,く,nine,JLPT JLPT_3 JLPT_5 JLPT_N5
薬,くすり,medicine,Genki Genki_Ln.9 Intermediate_Japanese Intermediate_Japanese_Ln.12 JLPT JLPT_5 JLPT_N5
下さい,ください,(with te-form verb) please do for me,JLPT JLPT_5 JLPT_N5
果物,くだもの,fruit,Intermediate_Japanese Intermediate_Japanese_Ln.9 JLPT JLPT_5 JLPT_N5
口,くち,job opening; mouth,Intermediate_Japanese Intermediate_Japanese_Ln.11 Intermediate_Japanese_Ln.8 JLPT JLPT_5 JLPT_N5
靴,くつ,"shoes, footwear",Genki Genki_Ln.2 JLPT JLPT_5 JLPT_N5
靴下,くつした,socks,Genki Genki_Ln.23 JLPT JLPT_5 JLPT_N5
国,くに,country; place of origin,Genki Genki_Ln.7 JLPT JLPT_5 JLPT_N5
曇り,くもり,"cloudiness, cloudy weather",Genki Genki_Ln.12 JLPT JLPT_3 JLPT_5 JLPT_N5
曇る,くもる,"to become cloudy, to become dim",JLPT JLPT_5 JLPT_N5
暗い,くらい,"dark, gloomy",JLPT JLPT_3 JLPT_5 JLPT_N5
～くらい; ぐらい,～くらい; ぐらい,approximate (quantity),JLPT JLPT_5 JLPT_N5
クラス,クラス,a class,Genki Genki_Ln.4 JLPT JLPT_5 JLPT_N5
グラム,グラム,gram,JLPT JLPT_5 JLPT_N5
来る,くる,to come,JLPT JLPT_5 JLPT_N5
車,くるま,"car, vehicle",Genki Genki_Ln.7 JLPT JLPT_5 JLPT_N5
黒,くろ,black,JLPT JLPT_5 JLPT_N5
黒い,くろい,black; dark,Genki Genki_Ln.9 JLPT JLPT_5 JLPT_N5
警官,けいかん,police officer,JLPT JLPT_5 JLPT_N5
今朝,けさ,this morning,Genki Genki_Ln.8 Intermediate_Japanese Intermediate_Japanese_Ln.2 JLPT JLPT_5 JLPT_N5
消す,けす,"to erase, to delete, to turn off power",JLPT JLPT_5 JLPT_N5
結構,けっこう,"splendid; enough, tolerably",JLPT JLPT_3 JLPT_5 JLPT_N5
結婚,けっこん (する),marriage (get married),JLPT JLPT_5 JLPT_N5
月曜日,げつようび,Monday,Genki Genki_Ln.4 JLPT JLPT_3 JLPT_5 JLPT_N5
玄関,げんかん,entrance (to a house or a building),Intermediate_Japanese Intermediate_Japanese_Ln.5 JLPT JLPT_4 JLPT_5 JLPT_N5
元気,げんき,"health(y), energetic",JLPT JLPT_5 JLPT_N5
～個,～こ,"counter for small items (e.g., fruits, cups)",JLPT JLPT_2 JLPT_5 JLPT_N5
五,ご,five,JLPT JLPT_3 JLPT_5 JLPT_N5
～語,～ご,"word, language",JLPT JLPT_5 JLPT_N5
公園,こうえん,a park,Genki Genki_Ln.4 JLPT JLPT_3 JLPT_5 JLPT_N5
交差点,こうさてん,intersection,JLPT JLPT_5 JLPT_N5
紅茶,こうちゃ,black tea,Genki Genki_Ln.13 JLPT JLPT_5 JLPT_N5
交番,こうばん,police box,JLPT JLPT_5 JLPT_N5
声,こえ,voice,Intermediate_Japanese Intermediate_Japanese_Ln.2 JLPT JLPT_5 JLPT_N5
コート,コート,"coat; court (e.g., tennis)",JLPT JLPT_5 JLPT_N5
コーヒー,コーヒー,coffee,Genki Genki_Ln.3 JLPT JLPT_5 JLPT_N5
ここ,ここ,"here, this place",Genki Genki_Ln.4 JLPT JLPT_3 JLPT_5 JLPT_N5
午後,ごご,"afternoon, P.M.",Genki Genki_Ln.1 JLPT JLPT_5 JLPT_N5
九日,ここのか,nine days; ninth day of the month,Genki Genki_Ln.13 JLPT JLPT_5 JLPT_N5
九つ,ここのつ,nine things,Genki Genki_Ln.9 JLPT JLPT_5 JLPT_N5
午前,ごぜん,"morning, A.M.",Genki Genki_Ln.1 JLPT JLPT_5 JLPT_N5
答える,こたえる,"to answer, to reply",JLPT JLPT_5 JLPT_N5
こちら,こちら,this person (polite); this way (polite),Genki Genki_Ln.11 Genki_Ln.19 JLPT JLPT_5 JLPT_N5
こっち,こっち,this person; this direction; this side,JLPT JLPT_4 JLPT_5 JLPT_N5
コップ,コップ,a tumbler; a glass,Genki Genki_Ln.14 JLPT JLPT_5 JLPT_N5
今年,ことし,this year,Genki Genki_Ln.10 JLPT JLPT_5 JLPT_N5
言葉,ことば,language; word(s); expression(s),Genki Genki_Ln.13 Intermediate_Japanese Intermediate_Japanese_Ln.2 JLPT JLPT_5 JLPT_N5
子供,こども,child(ren),Genki Genki_Ln.4 Intermediate_Japanese Intermediate_Japanese_Ln.2 JLPT JLPT_5 JLPT_N5
この,この,this,JLPT JLPT_3 JLPT_5 JLPT_N5
御飯,ごはん,rice (cooked); meal,Genki Genki_Ln.4 JLPT JLPT_5 JLPT_N5
コピーする,コピーする,to copy,JLPT JLPT_3 JLPT_5 JLPT_N5
困る,こまる,"to be bothered, to have difficulty",Genki Genki_Ln.16 JLPT JLPT_5 JLPT_N5
これ,これ,this one,Genki Genki_Ln.2 JLPT JLPT_5 JLPT_N5
～ころ; ～ごろ,～ころ; ～ごろ,"about, toward, approximately (time)",JLPT JLPT_5 JLPT_N5
今月,こんげつ,this month,Genki Genki_Ln.8 JLPT JLPT_5 JLPT_N5
今週,こんしゅう,this week,Genki Genki_Ln.6 JLPT JLPT_5 JLPT_N5
こんな,こんな,"such, like this",JLPT JLPT_5 JLPT_N5
今晩,こんばん,"tonight, this evening",Genki Genki_Ln.3 Intermediate_Japanese Intermediate_Japanese_Ln.1 JLPT JLPT_5 JLPT_N5
さあ,さあ,"come now, well",JLPT JLPT_5 JLPT_N5
～歳,～さい,~ years old,JLPT JLPT_2 JLPT_5 JLPT_N5
財布,さいふ,wallet,Genki Genki_Ln.2 Intermediate_Japanese Intermediate_Japanese_Ln.4 JLPT JLPT_5 JLPT_N5
魚,さかな,fish,Genki Genki_Ln.2 JLPT JLPT_5 JLPT_N5
先,さき,"future; recent, previous",JLPT JLPT_5 JLPT_N5
咲く,さく,to bloom,Genki Genki_Ln.18 JLPT JLPT_3 JLPT_5 JLPT_N5
作文,さくぶん,essay; composition,Genki Genki_Ln.9 JLPT JLPT_5 JLPT_N5
差す,さす,"to raise (stretch out) hands, to raise (e.g., umbrella)",JLPT JLPT_3 JLPT_5 JLPT_N5
～冊,～さつ,counter for books,JLPT JLPT_5 JLPT_N5
雑誌,ざっし,"magazine, journal",Genki Genki_Ln.3 Intermediate_Japanese Intermediate_Japanese_Ln.8 JLPT JLPT_5 JLPT_N5
砂糖,さとう,sugar,Genki Genki_Ln.16 JLPT JLPT_5 JLPT_N5
寒い,さむい,cold (in reference to weather),Genki Genki_Ln.5 Intermediate_Japanese Intermediate_Japanese_Ln.2 JLPT JLPT_5 JLPT_N5
さ来年,さらいねん,year after next,JLPT JLPT_5 JLPT_N5
～さん,～さん,"Mr. ~, Ms. ~",JLPT JLPT_2 JLPT_5 JLPT_N5
三,さん,three,JLPT JLPT_5 JLPT_N5
散歩,さんぽ (する),"walk, stroll",JLPT JLPT_3 JLPT_5 JLPT_N5
四,し,four,JLPT JLPT_3 JLPT_5 JLPT_N5
～時,～じ,~ o'clock (time),JLPT JLPT_1 JLPT_5 JLPT_N5
塩,しお,salt,JLPT JLPT_5 JLPT_N5
しかし,しかし,however; but,Intermediate_Japanese Intermediate_Japanese_Ln.3 JLPT JLPT_5 JLPT_N5
時間,じかん,time,Genki Genki_Ln.14 JLPT JLPT_2 JLPT_5 JLPT_N5
～時間,～じかん,~ hours,JLPT JLPT_5 JLPT_N5
仕事,しごと,"work, job, occupation, employment",Genki Genki_Ln.1 Genki_Ln.8 JLPT JLPT_5 JLPT_N5
辞書,じしょ,dictionary,Genki Genki_Ln.2 JLPT JLPT_5 JLPT_N5
静か,しずか,"quiet, calm",JLPT JLPT_5 JLPT_N5
下,した,"under, below, beneath",JLPT JLPT_3 JLPT_5 JLPT_N5
七,しち,seven,JLPT JLPT_3 JLPT_5 JLPT_N5
質問,しつもん,"question, inquiry",Intermediate_Japanese Intermediate_Japanese_Ln.2 JLPT JLPT_5 JLPT_N5
自転車,じてんしゃ,bicycle,Genki Genki_Ln.2 JLPT JLPT_5 JLPT_N5
自動車,じどうしゃ,automobile,JLPT JLPT_5 JLPT_N5
死ぬ,しぬ,to die,Genki Genki_Ln.6 JLPT JLPT_5 JLPT_N5
字引,じびき,dictionary,JLPT JLPT_5 JLPT_N5
自分,じぶん,"myself, oneself",Genki Genki_Ln.17 Intermediate_Japanese Intermediate_Japanese_Ln.1 JLPT JLPT_5 JLPT_N5
閉まる,しまる,"to close, to be closed",JLPT JLPT_5 JLPT_N5
閉める,しめる,"to close, to shut",JLPT JLPT_3 JLPT_5 JLPT_N5
締める,しめる,"to tie, to fasten, to tighten",JLPT JLPT_3 JLPT_5 JLPT_N5
じゃ; じゃあ,じゃ; じゃあ,"well, well then",JLPT JLPT_3 JLPT_5 JLPT_N5
写真,しゃしん,a picture; a photograph,Genki Genki_Ln.4 Intermediate_Japanese Intermediate_Japanese_Ln.4 JLPT JLPT_5 JLPT_N5
シャツ,シャツ,shirt,Genki Genki_Ln.10 JLPT JLPT_5 JLPT_N5
シャワー,シャワー,shower,JLPT JLPT_5 JLPT_N5
十,じゅう,ten,JLPT JLPT_3 JLPT_5 JLPT_N5
～中,～じゅう,"during, while",JLPT JLPT_2 JLPT_5 JLPT_N5
～週間,～しゅうかん,~ weeks,JLPT JLPT_5 JLPT_N5
授業,じゅぎょう,a class (of school),Genki Genki_Ln.11 Intermediate_Japanese Intermediate_Japanese_Ln.3 JLPT JLPT_2 JLPT_5 JLPT_N5
宿題,しゅくだい,homework,Genki Genki_Ln.5 Intermediate_Japanese Intermediate_Japanese_Ln.1 JLPT JLPT_5 JLPT_N5
上手,じょうず,"be good at, skillful",JLPT JLPT_5 JLPT_N5
丈夫,じょうぶ,"strong, solid, durable",JLPT JLPT_5 JLPT_N5
醤油,しょうゆ,soy sauce,Genki Genki_Ln.18 JLPT JLPT_5 JLPT_N5
食堂,しょくどう,"cafeteria, dining hall",Genki Genki_Ln.7 JLPT JLPT_5 JLPT_N5
知る,しる,"to know, to understand",Genki Genki_Ln.7 JLPT JLPT_5 JLPT_N5
白,しろ,white,JLPT JLPT_3 JLPT_5 JLPT_N5
白い,しろい,white,Genki Genki_Ln.9 JLPT JLPT_5 JLPT_N5
～人,～じん,counter for people,JLPT JLPT_5 JLPT_N5
新聞,しんぶん,newspaper,Genki Genki_Ln.2 JLPT JLPT_5 JLPT_N5
水曜日,すいようび,Wednesday,Genki Genki_Ln.4 JLPT JLPT_5 JLPT_N5
吸う,すう,"to breathe in, to suck",JLPT JLPT_3 JLPT_5 JLPT_N5
スカート,スカート,skirt,Genki Genki_Ln.18 JLPT JLPT_5 JLPT_N5
好き,すき,"liking, fondness, love",JLPT JLPT_5 JLPT_N5
～すぎ,～すぎ,"past; to exceed, ~ too much",JLPT JLPT_5 JLPT_N5
少ない,すくない,a little; a few,Genki Genki_Ln.17 JLPT JLPT_5 JLPT_N5
すぐに,すぐに,"immediately, soon",JLPT JLPT_5 JLPT_N5
少し,すこし,"little, few",Genki Genki_Ln.21 JLPT JLPT_5 JLPT_N5
涼しい,すずしい,"cool, refreshing (in reference to weather)",Genki Genki_Ln.10 JLPT JLPT_5 JLPT_N5
～ずつ,～ずつ,at a time,JLPT JLPT_5 JLPT_N5
ストーブ,ストーブ,heater (lit: stove),Genki Genki_Ln.17 JLPT JLPT_5 JLPT_N5
スプーン,スプーン,spoon,JLPT JLPT_5 JLPT_N5
スポーツ,スポーツ,sport(s),Genki Genki_Ln.3 JLPT JLPT_5 JLPT_N5
ズボン,ズボン,trousers,JLPT JLPT_5 JLPT_N5
住む,すむ,"to reside, to live in",JLPT JLPT_3 JLPT_5 JLPT_N5
する,する,"to do, to try; to wear small items (e.g., necktie, watch, etc.)",Genki Genki_Ln.17 JLPT JLPT_3 JLPT_5 JLPT_N5
座る,すわる,to sit,JLPT JLPT_5 JLPT_N5
背,せい,"(one's) height, stature",Intermediate_Japanese Intermediate_Japanese_Ln.4 JLPT JLPT_3 JLPT_5 JLPT_N5
生徒,せいと,student; pupil,Intermediate_Japanese Intermediate_Japanese_Ln.5 JLPT JLPT_5 JLPT_N5
セーター,セーター,sweater,Genki Genki_Ln.13 JLPT JLPT_5 JLPT_N5
石鹸,せっけん,soap,JLPT JLPT_5 JLPT_N5
背広,せびろ,men's suit,Intermediate_Japanese Intermediate_Japanese_Ln.9 JLPT JLPT_5 JLPT_N5
狭い,せまい,narrow; not spacious,Genki Genki_Ln.12 Intermediate_Japanese Intermediate_Japanese_Ln.15 JLPT JLPT_5 JLPT_N5
ゼロ,ゼロ,zero,JLPT JLPT_5 JLPT_N5
千,せん,thousand,JLPT JLPT_5 JLPT_N5
先月,せんげつ,last month,Genki Genki_Ln.9 Intermediate_Japanese Intermediate_Japanese_Ln.1 JLPT JLPT_5 JLPT_N5
先週,せんしゅう,last week,Genki Genki_Ln.4 JLPT JLPT_5 JLPT_N5
先生,せんせい,"teacher, professor; master; doctor",Genki Genki_Ln.1 JLPT JLPT_5 JLPT_N5
洗濯,せんたく,"washing, laundry",Intermediate_Japanese Intermediate_Japanese_Ln.11 JLPT JLPT_3 JLPT_5 JLPT_N5
全部,ぜんぶ,"all, entire, whole",Genki Genki_Ln.13 Intermediate_Japanese Intermediate_Japanese_Ln.3 JLPT JLPT_5 JLPT_N5
そう; そうです,そう; そうです,"yes; appears, to be the case",JLPT JLPT_5 JLPT_N5
掃除,そうじ (する),"cleaning, sweeping",JLPT JLPT_3 JLPT_5 JLPT_N5
そうして; そして,そうして; そして,"and, like that",JLPT JLPT_5 JLPT_N5
そこ,そこ,"that place, there; bottom, sole",Genki Genki_Ln.4 JLPT JLPT_2 JLPT_3 JLPT_5 JLPT_N5
そちら,そちら,over there,JLPT JLPT_5 JLPT_N5
そっち,そっち,over there,JLPT JLPT_5 JLPT_N5
外,そと,"outside, exterior",Genki Genki_Ln.18 Intermediate_Japanese Intermediate_Japanese_Ln.2 JLPT JLPT_5 JLPT_N5
その,その,that,JLPT JLPT_3 JLPT_5 JLPT_N5
そば,そば,"near, close, beside; Japanese traditional buckwheat noodle",Genki Genki_Ln.15 JLPT JLPT_3 JLPT_5 JLPT_N5
空,そら,sky,JLPT JLPT_5 JLPT_N5
それ,それ,that one,Genki Genki_Ln.2 JLPT JLPT_3 JLPT_5 JLPT_N5
それから,それから,"and then, after that",Intermediate_Japanese Intermediate_Japanese_Ln.1 JLPT JLPT_5 JLPT_N5
それでは,それでは,"in that situation, well then...",JLPT JLPT_5 JLPT_N5
～台,～だい,counter for vehicles; machines,JLPT JLPT_5 JLPT_N5
大学,だいがく,college; university,Genki Genki_Ln.1 JLPT JLPT_5 JLPT_N5
大使館,たいしかん,embassy,JLPT JLPT_5 JLPT_N5
大丈夫,だいじょうぶ,It's ok (all right); No need to worry; Everything is under control,Genki Genki_Ln.5 Intermediate_Japanese Intermediate_Japanese_Ln.3 JLPT JLPT_5 JLPT_N5
大好き,だいすき,"very like-able, like very much",JLPT JLPT_5 JLPT_N5
大切,たいせつ,important,JLPT JLPT_5 JLPT_N5
台所,だいどころ,kitchen,JLPT JLPT_5 JLPT_N5
大変,たいへん,"very; difficult, hard",JLPT JLPT_3 JLPT_5 JLPT_N5
高い,たかい,"tall, high; expensive",Genki Genki_Ln.2 JLPT JLPT_5 JLPT_N5
～だけ,～だけ,"only ~, just ~, as ~",JLPT JLPT_1 JLPT_5 JLPT_N5
沢山,たくさん,"many, much",JLPT JLPT_5 JLPT_N5
タクシー,タクシー,taxi,JLPT JLPT_5 JLPT_N5
出す,だす,to take (something) out; to hand in (something),Genki Genki_Ln.16 JLPT JLPT_5 JLPT_N5
～たち,～たち,plural suffix,JLPT JLPT_5 JLPT_N5
立つ,たつ,to stand up,Genki Genki_Ln.6 JLPT JLPT_3 JLPT_5 JLPT_N5
たて,たて,"length, height",JLPT JLPT_3 JLPT_5 JLPT_N5
建物,たてもの,building,Intermediate_Japanese Intermediate_Japanese_Ln.5 JLPT JLPT_5 JLPT_N5
楽しい,たのしい,"enjoyable, fun",Genki Genki_Ln.5 JLPT JLPT_5 JLPT_N5
頼む,たのむ,"to request, to ask (a favor)",Genki Genki_Ln.18 Intermediate_Japanese Intermediate_Japanese_Ln.3 JLPT JLPT_5 JLPT_N5
たばこ,たばこ,"tobacco, cigarettes",JLPT JLPT_5 JLPT_N5
多分,たぶん,"perhaps, probably, maybe",Genki Genki_Ln.12 Intermediate_Japanese Intermediate_Japanese_Ln.2 JLPT JLPT_3 JLPT_5 JLPT_N5
食べ物,たべもの,food,Genki Genki_Ln.5 JLPT JLPT_5 JLPT_N5
食べる,たべる,to eat,JLPT JLPT_5 JLPT_N5
卵,たまご,egg,Intermediate_Japanese Intermediate_Japanese_Ln.6 JLPT JLPT_5 JLPT_N5
誰,だれ,who,Genki Genki_Ln.2 JLPT JLPT_5 JLPT_N5
誰か,だれか,someone,JLPT JLPT_3 JLPT_5 JLPT_N5
誕生日,たんじょうび,birthday,Genki Genki_Ln.5 JLPT JLPT_5 JLPT_N5
段々,だんだん,"gradually, by degrees",JLPT JLPT_5 JLPT_N5
小さい,ちいさい,"small, little",Genki Genki_Ln.5 JLPT JLPT_5 JLPT_N5
小さな,ちいさな,"small, little",JLPT JLPT_5 JLPT_N5
近い,ちかい,"near, close by, short",Genki Genki_Ln.13 JLPT JLPT_5 JLPT_N5
違う,ちがう,to be different; to differ; wrong,Genki Genki_Ln.23 Intermediate_Japanese Intermediate_Japanese_Ln.1 JLPT JLPT_5 JLPT_N5
近く,ちかく,nearby; in the neighborhood,Intermediate_Japanese Intermediate_Japanese_Ln.1 JLPT JLPT_5 JLPT_N5
地下鉄,ちかてつ,"underground train, subway",Genki Genki_Ln.10 JLPT JLPT_5 JLPT_N5
地図,ちず,a map,Genki Genki_Ln.15 Intermediate_Japanese Intermediate_Japanese_Ln.12 JLPT JLPT_5 JLPT_N5
父,ちち,(my) father,Genki Genki_Ln.7 JLPT JLPT_5 JLPT_N5
茶色,ちゃいろ,brown,JLPT JLPT_5 JLPT_N5
茶碗,ちゃわん,rice bowl,JLPT JLPT_5 JLPT_N5
～中,～ちゅう,"during, while ~ing",JLPT JLPT_5 JLPT_N5
丁度,ちょうど,"just, right, exactly",JLPT JLPT_5 JLPT_N5
ちょっと,ちょっと,"a little, somewhat; just a little, somewhat",Genki Genki_Ln.3 JLPT JLPT_2 JLPT_5 JLPT_N5
一日,ついたち,one day; first day of the month,JLPT JLPT_5 JLPT_N5
使う,つかう,to use,JLPT JLPT_5 JLPT_N5
疲れる,つかれる,to get (become) tired; to become fatigued,Genki Genki_Ln.11 Intermediate_Japanese Intermediate_Japanese_Ln.10 JLPT JLPT_5 JLPT_N5
次,つぎ,next,Genki Genki_Ln.6 JLPT JLPT_5 JLPT_N5
着く,つく,"to arrive at, to reach",JLPT JLPT_3 JLPT_5 JLPT_N5
机,つくえ,desk,Genki Genki_Ln.4 Intermediate_Japanese Intermediate_Japanese_Ln.10 JLPT JLPT_5 JLPT_N5
作る,つくる,"to make, to create",Genki Genki_Ln.8 JLPT JLPT_5 JLPT_N5
つける,つける,"to turn on (e.g., a light); to take",JLPT JLPT_3 JLPT_4 JLPT_5 JLPT_N5
勤める,つとめる,to work (for),JLPT JLPT_5 JLPT_N5
つまらない,つまらない,"boring, dull; insignificant",Genki Genki_Ln.5 JLPT JLPT_5 JLPT_N5
冷たい,つめたい,"cold (things, people)",Genki Genki_Ln.10 JLPT JLPT_5 JLPT_N5
強い,つよい,"strong, powerful",Genki Genki_Ln.17 Intermediate_Japanese Intermediate_Japanese_Ln.13 JLPT JLPT_5 JLPT_N5
手,て,hand,JLPT JLPT_5 JLPT_N5
テープ,テープ,tape,Genki Genki_Ln.2 JLPT JLPT_5 JLPT_N5
テープレコーダー,テープレコーダー,tape recorder,JLPT JLPT_5 JLPT_N5
テーブル,テーブル,table,JLPT JLPT_5 JLPT_N5
出かける,でかける,to go out; to depart,Genki Genki_Ln.5 JLPT JLPT_5 JLPT_N5
手紙,てがみ,letter,Genki Genki_Ln.4 JLPT JLPT_5 JLPT_N5
できる,できる,to be able to (to accomplish),JLPT JLPT_3 JLPT_4 JLPT_5 JLPT_N5
出口,でぐち,an exit,Intermediate_Japanese Intermediate_Japanese_Ln.7 JLPT JLPT_5 JLPT_N5
テスト,テスト,test,Genki Genki_Ln.5 JLPT JLPT_5 JLPT_N5
では,では,"then, well, so",JLPT JLPT_3 JLPT_5 JLPT_N5
デパート,デパート,(abbr.) department store,Genki Genki_Ln.4 JLPT JLPT_5 JLPT_N5
でも,でも,"but, however",JLPT JLPT_3 JLPT_5 JLPT_N5
出る,でる,"to appear, to leave",JLPT JLPT_5 JLPT_N5
テレビ,テレビ,"television, TV",Genki Genki_Ln.3 JLPT JLPT_5 JLPT_N5
天気,てんき,weather,Genki Genki_Ln.5 JLPT JLPT_5 JLPT_N5
電気,でんき,"electricity, (electric) light",Genki Genki_Ln.6 JLPT JLPT_5 JLPT_N5
電車,でんしゃ,electric train,Genki Genki_Ln.6 JLPT JLPT_5 JLPT_N5
電話,でんわ,a telephone,Genki Genki_Ln.1 JLPT JLPT_5 JLPT_N5
戸,と,door (Japanese style),JLPT JLPT_5 JLPT_N5
～度,～ど,counter for occurrences; ~ degree; ~ point,JLPT JLPT_1 JLPT_5 JLPT_N5
ドア,ドア,door (Western style),JLPT JLPT_5 JLPT_N5
トイレ,トイレ,bathroom; toilet,Intermediate_Japanese Intermediate_Japanese_Ln.10 JLPT JLPT_5 JLPT_N5
どう,どう,"how, in what way",JLPT JLPT_5 JLPT_N5
どうして,どうして,"why, for what reason",Genki Genki_Ln.4 JLPT JLPT_5 JLPT_N5
どうぞ,どうぞ,"please, kindly, by all means",JLPT JLPT_5 JLPT_N5
動物,どうぶつ,animal,Intermediate_Japanese Intermediate_Japanese_Ln.10 JLPT JLPT_5 JLPT_N5
どうも,どうも,Thank you; somehow; no matter how hard one may try,Genki Genki_Ln.2 Intermediate_Japanese Intermediate_Japanese_Ln.1 JLPT JLPT_5 JLPT_N5
十,(〜を) とお,ten (~),Genki Genki_Ln.9 JLPT JLPT_3 JLPT_5 JLPT_N5
遠い,とおい,"far (away), distant",Genki Genki_Ln.21 JLPT JLPT_5 JLPT_N5
十日,とおか,ten days; tenth day of the month,Genki Genki_Ln.13 JLPT JLPT_5 JLPT_N5
～時,～とき,at the time of ~,JLPT JLPT_3 JLPT_5 JLPT_N5
時々,ときどき,sometimes,Genki Genki_Ln.3 JLPT JLPT_5 JLPT_N5
時計,とけい,a watch; a clock,Genki Genki_Ln.2 Intermediate_Japanese Intermediate_Japanese_Ln.2 JLPT JLPT_5 JLPT_N5
どこ,どこ,"where, what place",Genki Genki_Ln.2 JLPT JLPT_5 JLPT_N5
所,ところ,place,Genki Genki_Ln.8 Intermediate_Japanese Intermediate_Japanese_Ln.1 JLPT JLPT_5 JLPT_N5
年,とし,"year, age",JLPT JLPT_3 JLPT_5 JLPT_N5
図書館,としょかん,library,Genki Genki_Ln.2 Intermediate_Japanese Intermediate_Japanese_Ln.5 JLPT JLPT_5 JLPT_N5
どちら,どちら,which (one) (way); where (polite),Genki Genki_Ln.10 Genki_Ln.19 JLPT JLPT_5 JLPT_N5
どっち,どっち,"which one, which way",Genki Genki_Ln.10 JLPT JLPT_5 JLPT_N5
とても,とても,"very (much), greatly, exceedingly",Genki Genki_Ln.5 Intermediate_Japanese Intermediate_Japanese_Ln.1 JLPT JLPT_3 JLPT_5 JLPT_N5
どなた,どなた,who,JLPT JLPT_5 JLPT_N5
隣,となり,"next to, next door to",Intermediate_Japanese Intermediate_Japanese_Ln.1 JLPT JLPT_5 JLPT_N5
どの,どの,which,JLPT JLPT_5 JLPT_N5
飛ぶ,とぶ,"to fly, to hop",JLPT JLPT_5 JLPT_N5
止まる,とまる,to come to a halt,JLPT JLPT_5 JLPT_N5
友達,ともだち,friend,Genki Genki_Ln.1 Intermediate_Japanese Intermediate_Japanese_Ln.1 JLPT JLPT_5 JLPT_N5
土曜日,どようび,Saturday,Genki Genki_Ln.3 JLPT JLPT_3 JLPT_5 JLPT_N5
鳥,とり,"chicken (lit., bird)",Intermediate_Japanese Intermediate_Japanese_Ln.6 JLPT JLPT_5 JLPT_N5
鶏肉,とりにく,chicken meat,JLPT JLPT_5 JLPT_N5
取る,とる,to take (a class); to get (a grade),Genki Genki_Ln.11 Intermediate_Japanese Intermediate_Japanese_Ln.1 JLPT JLPT_5 JLPT_N5
撮る,とる,"to take (a photo), to make (a film)",JLPT JLPT_5 JLPT_N5
どれ,どれ,which one,Genki Genki_Ln.2 JLPT JLPT_3 JLPT_5 JLPT_N5
どんな,どんな,"what, what kind of",JLPT JLPT_3 JLPT_5 JLPT_N5
ない,ない,"there isn't, doesn't have",JLPT JLPT_5 JLPT_N5
ナイフ,ナイフ,knife,JLPT JLPT_5 JLPT_N5
中,なか,"inside, middle, among",JLPT JLPT_3 JLPT_5 JLPT_N5
長い,ながい,"long, lengthy",Genki Genki_Ln.7 Intermediate_Japanese Intermediate_Japanese_Ln.4 JLPT JLPT_2 JLPT_5 JLPT_N5
鳴く,なく,to make sound (animal),JLPT JLPT_5 JLPT_N5
無くす,なくす,to lose something,JLPT JLPT_3 JLPT_5 JLPT_N5
なぜ,なぜ,why (same as どうして),Genki Genki_Ln.19 JLPT JLPT_5 JLPT_N5
夏,なつ,summer,Genki Genki_Ln.8 Intermediate_Japanese Intermediate_Japanese_Ln.4 JLPT JLPT_5 JLPT_N5
夏休み,なつやすみ,summer vacation,JLPT JLPT_5 JLPT_N5
～など,～など,et cetera,JLPT JLPT_3 JLPT_5 JLPT_N5
七つ,ななつ,seven things,Genki Genki_Ln.9 JLPT JLPT_3 JLPT_5 JLPT_N5
何,なん; なに,what,Genki Genki_Ln.1 JLPT JLPT_3 JLPT_5 JLPT_N5
七日,なのか,seven days; seventh day (of the month),Genki Genki_Ln.13 JLPT JLPT_5 JLPT_N5
名前,なまえ,name,Genki Genki_Ln.1 JLPT JLPT_5 JLPT_N5
習う,ならう,to learn,Genki Genki_Ln.11 JLPT JLPT_5 JLPT_N5
並ぶ,ならぶ,"to line up, to stand in a line (v.i.)",Intermediate_Japanese Intermediate_Japanese_Ln.7 JLPT JLPT_5 JLPT_N5
並べる,ならべる,to put (things) side by side; to line up,Intermediate_Japanese Intermediate_Japanese_Ln.15 JLPT JLPT_5 JLPT_N5
なる,なる,to become,Genki Genki_Ln.10 JLPT JLPT_3 JLPT_5 JLPT_N5
何～,なん～,what sort of ~,JLPT JLPT_5 JLPT_N5
二,に,two,JLPT JLPT_5 JLPT_N5
にぎやか,にぎやか,"bustling, busy",JLPT JLPT_5 JLPT_N5
肉,にく,meat,Genki Genki_Ln.2 JLPT JLPT_5 JLPT_N5
西,にし,west,JLPT JLPT_5 JLPT_N5
～日,～にち,"~ day of the month, for ~ days",JLPT JLPT_5 JLPT_N5
日曜日,にちようび,Sunday,Genki Genki_Ln.3 JLPT JLPT_3 JLPT_5 JLPT_N5
荷物,にもつ,luggage; baggage,Genki Genki_Ln.6 Intermediate_Japanese Intermediate_Japanese_Ln.6 JLPT JLPT_5 JLPT_N5
ニュース,ニュース,news,Genki Genki_Ln.17 JLPT JLPT_5 JLPT_N5
庭,にわ,garden,Genki Genki_Ln.15 JLPT JLPT_5 JLPT_N5
～人,～にん,counter for people,JLPT JLPT_5 JLPT_N5
脱ぐ,ぬぐ,to take off (clothes),Genki Genki_Ln.17 JLPT JLPT_5 JLPT_N5
温い,ぬるい,lukewarm,JLPT JLPT_3 JLPT_5 JLPT_N5
ネクタイ,ネクタイ,"tie, necktie",Genki Genki_Ln.14 JLPT JLPT_5 JLPT_N5
猫,ねこ,cat,Genki Genki_Ln.4 JLPT JLPT_5 JLPT_N5
寝る,ねる,to sleep; to go to sleep; to go to bed,Genki Genki_Ln.3 Intermediate_Japanese Intermediate_Japanese_Ln.2 JLPT JLPT_5 JLPT_N5
～年,～ねん,~ years,JLPT JLPT_5 JLPT_N5
ノート,ノート,notebook,Genki Genki_Ln.2 JLPT JLPT_5 JLPT_N5
登る,のぼる,to climb,JLPT JLPT_3 JLPT_5 JLPT_N5
飲み物,のみもの,"drink, beverage",Genki Genki_Ln.5 JLPT JLPT_5 JLPT_N5
飲む,のむ,to drink,JLPT JLPT_5 JLPT_N5
乗る,のる,"to get on, to ride in, to board",JLPT JLPT_3 JLPT_5 JLPT_N5
歯,は,tooth,Genki Genki_Ln.12 Intermediate_Japanese Intermediate_Japanese_Ln.12 JLPT JLPT_5 JLPT_N5
パーティー,パーティー,a party,Genki Genki_Ln.8 JLPT JLPT_5 JLPT_N5
はい,はい,yes,Genki Genki_Ln.1 JLPT JLPT_3 JLPT_5 JLPT_N5
～杯,～はい,counter for cupfuls,JLPT JLPT_5 JLPT_N5
灰皿,はいざら,ashtray,JLPT JLPT_5 JLPT_N5
入る,はいる,"to enter, to contain, to hold",JLPT JLPT_5 JLPT_N5
葉書,はがき,postcard,Genki Genki_Ln.5 JLPT JLPT_5 JLPT_N5
はく,はく,to put on (items below your waist),Genki Genki_Ln.7 JLPT JLPT_3 JLPT_5 JLPT_N5
箱,はこ,box,JLPT JLPT_5 JLPT_N5
橋,はし,bridge,JLPT JLPT_3 JLPT_5 JLPT_N5
箸,はし,chopsticks,Genki Genki_Ln.8 JLPT JLPT_3 JLPT_5 JLPT_N5
始まる,はじまる,(something) begins,Genki Genki_Ln.9 JLPT JLPT_5 JLPT_N5
初め; 始め,はじめ,"beginning, start",JLPT JLPT_3 JLPT_5 JLPT_N5
初めて,はじめて,for the first time,Genki Genki_Ln.12 Intermediate_Japanese Intermediate_Japanese_Ln.1 JLPT JLPT_5 JLPT_N5
走る,はしる,to run,Genki Genki_Ln.22 Intermediate_Japanese Intermediate_Japanese_Ln.10 JLPT JLPT_5 JLPT_N5
バス,バス,bus; bath; bass,Genki Genki_Ln.5 Intermediate_Japanese Intermediate_Japanese_Ln.10 JLPT JLPT_1 JLPT_5 JLPT_N5
バター,バター,butter,JLPT JLPT_5 JLPT_N5
二十歳,はたち,20 years old,JLPT JLPT_3 JLPT_5 JLPT_N5
働く,はたらく,to work,Genki Genki_Ln.11 Intermediate_Japanese Intermediate_Japanese_Ln.9 JLPT JLPT_5 JLPT_N5
八,はち,eight,JLPT JLPT_5 JLPT_N5
二十日,はつか,"twenty days, twentieth (day of the month)",JLPT JLPT_5 JLPT_N5
花,はな,flower,JLPT JLPT_5 JLPT_N5
鼻,はな,nose,JLPT JLPT_5 JLPT_N5
話,はなし,"talk (chat), story",Genki Genki_Ln.19 JLPT JLPT_5 JLPT_N5
話す,はなす,to speak,JLPT JLPT_3 JLPT_5 JLPT_N5
母,はは,(my) mother,Genki Genki_Ln.14 JLPT JLPT_5 JLPT_N5
早い,はやい,early,Genki Genki_Ln.3 JLPT JLPT_5 JLPT_N5
速い,はやい,"fast, quick",Genki Genki_Ln.7 Intermediate_Japanese Intermediate_Japanese_Ln.4 JLPT JLPT_5 JLPT_N5
春,はる,spring,Genki Genki_Ln.10 Intermediate_Japanese Intermediate_Japanese_Ln.4 JLPT JLPT_3 JLPT_5 JLPT_N5
貼る,はる,to post; to paste; to attach,Genki Genki_Ln.21 Intermediate_Japanese Intermediate_Japanese_Ln.3 JLPT JLPT_3 JLPT_5 JLPT_N5
晴れ,はれ,clear (sunny) weather,Genki Genki_Ln.12 JLPT JLPT_5 JLPT_N5
晴れる,はれる,to be sunny,Genki Genki_Ln.19 JLPT JLPT_5 JLPT_N5
半,はん,"half (e.g., にじはん | half-past two)",Genki Genki_Ln.1 JLPT JLPT_3 JLPT_5 JLPT_N5
晩,ばん,evening,JLPT JLPT_3 JLPT_5 JLPT_N5
～番,～ばん,~st; ~th best,JLPT JLPT_5 JLPT_N5
パン,パン,bread,Genki Genki_Ln.4 JLPT JLPT_5 JLPT_N5
ハンカチ,ハンカチ,handkerchief,JLPT JLPT_5 JLPT_N5
番号,ばんごう,"number, series of digits",Genki Genki_Ln.1 JLPT JLPT_5 JLPT_N5
晩御飯,ばんごはん,"dinner, evening meal",Genki Genki_Ln.3 JLPT JLPT_5 JLPT_N5
半分,はんぶん,half,JLPT JLPT_5 JLPT_N5
東,ひがし,east,JLPT JLPT_5 JLPT_N5
～匹,～ひき,counter for small animals,JLPT JLPT_5 JLPT_N5
引く,ひく,"to pull, to draw; subtract",JLPT JLPT_2 JLPT_3 JLPT_5 JLPT_N5
弾く,ひく,to play (a string instrument or piano),Genki Genki_Ln.9 JLPT JLPT_3 JLPT_5 JLPT_N5
低い,ひくい,"short, low",JLPT JLPT_5 JLPT_N5
飛行機,ひこうき,airplane,Genki Genki_Ln.5 Intermediate_Japanese Intermediate_Japanese_Ln.1 JLPT JLPT_5 JLPT_N5
左,ひだり,left hand side,JLPT JLPT_5 JLPT_N5
人,ひと,"man, person",Genki Genki_Ln.4 JLPT JLPT_5 JLPT_N5
一つ,ひとつ,one thing,Genki Genki_Ln.9 JLPT JLPT_5 JLPT_N5
一月,ひとつき,one month,JLPT JLPT_5 JLPT_N5
一人,ひとり,one person,Genki Genki_Ln.7 JLPT JLPT_3 JLPT_5 JLPT_N5
暇,ひま,"free time, leisure",JLPT JLPT_5 JLPT_N5
百,ひゃく,hundred,JLPT JLPT_5 JLPT_N5
病院,びょういん,hospital,Genki Genki_Ln.4 JLPT JLPT_5 JLPT_N5
病気,びょうき,illness; sickness,Genki Genki_Ln.9 Intermediate_Japanese Intermediate_Japanese_Ln.2 JLPT JLPT_5 JLPT_N5
平仮名,ひらがな,hiragana,JLPT JLPT_5 JLPT_N5
昼,ひる,"noon, daytime",JLPT JLPT_5 JLPT_N5
昼御飯,ひるごはん,"lunch, midday meal",Genki Genki_Ln.3 JLPT JLPT_5 JLPT_N5
広い,ひろい,spacious; wide; broad,Genki Genki_Ln.15 Intermediate_Japanese Intermediate_Japanese_Ln.15 JLPT JLPT_5 JLPT_N5
フィルム,フィルム,film (roll of),JLPT JLPT_5 JLPT_N5
封筒,ふうとう,envelope,Intermediate_Japanese Intermediate_Japanese_Ln.3 JLPT JLPT_5 JLPT_N5
プール,プール,swimming pool,Genki Genki_Ln.15 JLPT JLPT_5 JLPT_N5
フォーク,フォーク,fork,JLPT JLPT_5 JLPT_N5
吹く,ふく,"to blow (wind, etc.)",Genki Genki_Ln.22 JLPT JLPT_3 JLPT_5 JLPT_N5
服,ふく,clothes,Genki Genki_Ln.12 JLPT JLPT_3 JLPT_5 JLPT_N5
二つ,ふたつ,two things,Genki Genki_Ln.9 JLPT JLPT_5 JLPT_N5
豚肉,ぶたにく,pork,JLPT JLPT_5 JLPT_N5
二人,ふたり,two people,Genki Genki_Ln.7 JLPT JLPT_5 JLPT_N5
二日,ふつか,two days; second day of the month,Genki Genki_Ln.13 JLPT JLPT_5 JLPT_N5
太い,ふとい,"fat, thick",JLPT JLPT_5 JLPT_N5
冬,ふゆ,winter,Genki Genki_Ln.8 Intermediate_Japanese Intermediate_Japanese_Ln.4 JLPT JLPT_5 JLPT_N5
降る,ふる,"to precipitate, to fall (e.g., rain, snow, etc.)",Intermediate_Japanese Intermediate_Japanese_Ln.2 JLPT JLPT_3 JLPT_5 JLPT_N5
古い,ふるい,"old (in reference to objects, not people), aged, ancient",Genki Genki_Ln.5 JLPT JLPT_5 JLPT_N5
～分,～ふん,~ minutes,JLPT JLPT_5 JLPT_N5
文章,ぶんしょう,"sentence, text",JLPT JLPT_5 JLPT_N5
ページ,ページ,a page,Genki Genki_Ln.6 JLPT JLPT_5 JLPT_N5
下手,へた,"unskillful, poor",JLPT JLPT_5 JLPT_N5
ベッド,ベッド,bed,JLPT JLPT_5 JLPT_N5
ペット,ペット,pet,Genki Genki_Ln.15 JLPT JLPT_3 JLPT_5 JLPT_N5
部屋,へや,a room,Genki Genki_Ln.5 Intermediate_Japanese Intermediate_Japanese_Ln.2 JLPT JLPT_5 JLPT_N5
辺,へん,"area, vicinity",JLPT JLPT_5 JLPT_N5
ペン,ペン,pen,Genki Genki_Ln.2 JLPT JLPT_5 JLPT_N5
勉強,べんきょう (する),study,JLPT JLPT_3 JLPT_5 JLPT_N5
便利,べんり,"convenient, handy",JLPT JLPT_5 JLPT_N5
帽子,ぼうし,hat; cap,Genki Genki_Ln.2 JLPT JLPT_5 JLPT_N5
ボールペン,ボールペン,ball-point pen,JLPT JLPT_5 JLPT_N5
外,ほか,"other, the rest",JLPT JLPT_3 JLPT_5 JLPT_N5
ポケット,ポケット,pocket,JLPT JLPT_5 JLPT_N5
欲しい,ほしい,"to want, in need of",JLPT JLPT_5 JLPT_N5
ポスト,ポスト,"mailbox; post, position",JLPT JLPT_5 JLPT_N5
細い,ほそい,"thin, slender, fine",JLPT JLPT_5 JLPT_N5
ボタン,ボタン,button,JLPT JLPT_5 JLPT_N5
ホテル,ホテル,hotel,Genki Genki_Ln.4 JLPT JLPT_5 JLPT_N5
本,ほん,book,Genki Genki_Ln.2 JLPT JLPT_5 JLPT_N5
～本,～ほん,counter for long cylindrical things,JLPT JLPT_2 JLPT_5 JLPT_N5
本棚,ほんだな,bookshelf,JLPT JLPT_5 JLPT_N5
本当,ほんとう,"real, true",JLPT JLPT_3 JLPT_5 JLPT_N5
～枚,～まい,counter for flat things,JLPT JLPT_5 JLPT_N5
毎朝,まいあさ,every morning,Genki Genki_Ln.19 JLPT JLPT_5 JLPT_N5
毎月,まいげつ; まいつき,"every month, monthly",JLPT JLPT_5 JLPT_N5
毎週,まいしゅう,every week,Genki Genki_Ln.8 JLPT JLPT_5 JLPT_N5
毎日,まいにち,every day,Genki Genki_Ln.3 JLPT JLPT_5 JLPT_N5
毎年,まいねん; まいとし,"every year, yearly, annually",JLPT JLPT_5 JLPT_N5
毎晩,まいばん,every night,Genki Genki_Ln.3 JLPT JLPT_5 JLPT_N5
前,まえ,"before, in front",Genki Genki_Ln.17 JLPT JLPT_5 JLPT_N5
～前,～まえ,in front of ~,JLPT JLPT_5 JLPT_N5
曲る,まがる,"to turn, to bend",JLPT JLPT_3 JLPT_5 JLPT_N5
まずい,まずい,"terrible (in reference to food), unappetizing, unpleasant (taste)",Genki Genki_Ln.23 JLPT JLPT_5 JLPT_N5
また,また,and; furthermore,Genki Genki_Ln.20 Intermediate_Japanese Intermediate_Japanese_Ln.5 JLPT JLPT_3 JLPT_5 JLPT_N5
まだ,まだ,"yet, still, besides",Genki Genki_Ln.19 JLPT JLPT_3 JLPT_5 JLPT_N5
町,まち,town; city,Genki Genki_Ln.4 Intermediate_Japanese Intermediate_Japanese_Ln.1 JLPT JLPT_3 JLPT_5 JLPT_N5
待つ,まつ,to wait,JLPT JLPT_3 JLPT_5 JLPT_N5
まっすぐ,まっすぐ,"straight (ahead), direct",JLPT JLPT_3 JLPT_5 JLPT_N5
マッチ,マッチ,match,JLPT JLPT_5 JLPT_N5
窓,まど,window,Genki Genki_Ln.6 JLPT JLPT_5 JLPT_N5
丸い; 円い,まるい,"round, circular",JLPT JLPT_3 JLPT_5 JLPT_N5
万,まん,ten thousand,JLPT JLPT_5 JLPT_N5
万年筆,まんねんひつ,fountain pen,JLPT JLPT_5 JLPT_N5
磨く,みがく,to brush (teeth); to polish,Genki Genki_Ln.13 JLPT JLPT_5 JLPT_N5
右,みぎ,right hand side,JLPT JLPT_5 JLPT_N5
短い,みじかい,short (length),Genki Genki_Ln.7 Intermediate_Japanese Intermediate_Japanese_Ln.11 JLPT JLPT_5 JLPT_N5
水,みず,water,Genki Genki_Ln.3 JLPT JLPT_5 JLPT_N5
店,みせ,"store, shop",Genki Genki_Ln.13 Intermediate_Japanese Intermediate_Japanese_Ln.6 JLPT JLPT_5 JLPT_N5
見せる,みせる,"to show, to display",Genki Genki_Ln.16 JLPT JLPT_5 JLPT_N5
道,みち,"road, street; way, directions",Genki Genki_Ln.16 JLPT JLPT_5 JLPT_N5
三日,みっか,"three days, third day of the month",Genki Genki_Ln.13 JLPT JLPT_5 JLPT_N5
三つ,みっつ,three things,Genki Genki_Ln.9 JLPT JLPT_5 JLPT_N5
緑,みどり,green,JLPT JLPT_5 JLPT_N5
皆さん,みなさん,"all of you, everyone",Intermediate_Japanese Intermediate_Japanese_Ln.4 JLPT JLPT_5 JLPT_N5
南,みなみ,South,Intermediate_Japanese Intermediate_Japanese_Ln.10 JLPT JLPT_5 JLPT_N5
耳,みみ,ear,Intermediate_Japanese Intermediate_Japanese_Ln.5 JLPT JLPT_5 JLPT_N5
見る,みる,"to see, to look",JLPT JLPT_3 JLPT_5 JLPT_N5
みんな,みんな,"all, everyone, everybody",Genki Genki_Ln.9 JLPT JLPT_3 JLPT_5 JLPT_N5
六日,むいか,six days; sixth day of month,Genki Genki_Ln.13 JLPT JLPT_5 JLPT_N5
向こう,むこう,"beyond, over there",JLPT JLPT_5 JLPT_N5
難しい,むずかしい,difficult,Genki Genki_Ln.5 Intermediate_Japanese Intermediate_Japanese_Ln.2 JLPT JLPT_5 JLPT_N5
六つ,むっつ,six things,Genki Genki_Ln.9 JLPT JLPT_5 JLPT_N5
村,むら,village,Intermediate_Japanese Intermediate_Japanese_Ln.10 JLPT JLPT_5 JLPT_N5
目,め,eye(s),Genki Genki_Ln.7 JLPT JLPT_3 JLPT_5 JLPT_N5
メートル,メートル,meter,JLPT JLPT_5 JLPT_N5
眼鏡,めがね,eye glasses,Genki Genki_Ln.7 JLPT JLPT_5 JLPT_N5
もう,もう,already; again; more,Genki Genki_Ln.9 JLPT JLPT_2 JLPT_5 JLPT_N5
木曜日,もくようび,Thursday,Genki Genki_Ln.4 JLPT JLPT_3 JLPT_5 JLPT_N5
もしもし,もしもし,Hello? (used on the phone),Genki Genki_Ln.4 JLPT JLPT_5 JLPT_N5
持つ,もつ,"to hold, to carry; to possess",JLPT JLPT_5 JLPT_N5
もっと,もっと,more,Genki Genki_Ln.11 JLPT JLPT_3 JLPT_5 JLPT_N5
物,もの,thing (concrete object),Genki Genki_Ln.12 JLPT JLPT_3 JLPT_5 JLPT_N5
門,もん,gate,JLPT JLPT_5 JLPT_N5
問題,もんだい,a problem,Intermediate_Japanese Intermediate_Japanese_Ln.11 JLPT JLPT_5 JLPT_N5
～屋,～や,~ shop,JLPT_N5
八百屋,やおや,greengrocer,JLPT JLPT_5 JLPT_N5
野菜,やさい,vegetable,Genki Genki_Ln.2 JLPT JLPT_5 JLPT_N5
易しい,やさしい,"easy, plain, simple",JLPT JLPT_5 JLPT_N5
安い,やすい,inexpensive; cheap (things),Genki Genki_Ln.5 JLPT JLPT_5 JLPT_N5
休み,やすみ,holiday; day off; absence,Genki Genki_Ln.5 JLPT JLPT_5 JLPT_N5
休む,やすむ,"to rest, to have a break, to get time off",JLPT JLPT_5 JLPT_N5
八つ,やっつ,eight things,Genki Genki_Ln.9 JLPT JLPT_5 JLPT_N5
山,やま,mountain,Genki Genki_Ln.11 JLPT JLPT_5 JLPT_N5
やる,やる,"to do; to give (to pets, parents, siblings, etc.)",Genki Genki_Ln.21 JLPT JLPT_4 JLPT_5 JLPT_N5
夕方,ゆうがた,"late afternoon (typically just before dinner time), evening",Genki Genki_Ln.18 Intermediate_Japanese Intermediate_Japanese_Ln.10 JLPT JLPT_5 JLPT_N5
夕飯,ゆうはん,"dinner, supper, evening meal",JLPT JLPT_4 JLPT_5 JLPT_N5
郵便局,ゆうびんきょく,post office,Genki Genki_Ln.2 JLPT JLPT_5 JLPT_N5
昨夜,ゆうべ,last night,JLPT JLPT_3 JLPT_5 JLPT_N5
有名,ゆうめい,famous,JLPT JLPT_5 JLPT_N5
雪,ゆき,snow,Genki Genki_Ln.12 JLPT JLPT_3 JLPT_5 JLPT_N5
ゆっくりと,ゆっくりと,"slowly, at ease",JLPT JLPT_5 JLPT_N5
八日,ようか,eight days; eighth day of the month,Genki Genki_Ln.13 JLPT JLPT_5 JLPT_N5
洋服,ようふく,Western-style clothes,JLPT JLPT_5 JLPT_N5
よく,よく,"frequently, often (much); well, skillfully",Genki Genki_Ln.14 Genki_Ln.3 JLPT JLPT_5 JLPT_N5
横,よこ,beside; side; width,Intermediate_Japanese Intermediate_Japanese_Ln.11 JLPT JLPT_5 JLPT_N5
四日,よっか,four days; fourth day of the month,Genki Genki_Ln.13 JLPT JLPT_5 JLPT_N5
四つ,よっつ,four things,Genki Genki_Ln.9 JLPT JLPT_2 JLPT_5 JLPT_N5
呼ぶ,よぶ,to call (one's name); to invite,Genki Genki_Ln.19 JLPT JLPT_3 JLPT_5 JLPT_N5
読む,よむ,to read,JLPT JLPT_5 JLPT_N5
夜,よる,"evening, night",Genki Genki_Ln.6 JLPT JLPT_3 JLPT_5 JLPT_N5
弱い,よわい,weak,JLPT JLPT_5 JLPT_N5
来月,らいげつ,next month,Genki Genki_Ln.8 JLPT JLPT_5 JLPT_N5
来週,らいしゅう,next week,Genki Genki_Ln.6 JLPT JLPT_5 JLPT_N5
来年,らいねん,next year,Genki Genki_Ln.6 JLPT JLPT_5 JLPT_N5
ラジオ,ラジオ,radio,Genki Genki_Ln.14 JLPT JLPT_5 JLPT_N5
ラジオカセ,ラジオカセ,radio cassette player,JLPT JLPT_5 JLPT_N5
りっぱ,りっぱ,"splendid, fine",JLPT JLPT_3 JLPT_5 JLPT_N5
留学生,りゅうがくせい,international student,Genki Genki_Ln.1 JLPT JLPT_5 JLPT_N5
両親,りょうしん,"parents (lit., both parents)",Genki Genki_Ln.14 Intermediate_Japanese Intermediate_Japanese_Ln.1 JLPT JLPT_5 JLPT_N5
料理,りょうり,cooking; cuisine,Intermediate_Japanese Intermediate_Japanese_Ln.4 JLPT JLPT_5 JLPT_N5
旅行,りょこう,"travel, trip",Genki Genki_Ln.5 JLPT JLPT_5 JLPT_N5
零,れい,"zero, nought",JLPT JLPT_3 JLPT_5 JLPT_N5
冷蔵庫,れいぞうこ,refrigerator,Genki Genki_Ln.18 JLPT JLPT_5 JLPT_N5
レコード,レコード,record,JLPT JLPT_5 JLPT_N5
レストラン,レストラン,restaurant,Genki Genki_Ln.4 JLPT JLPT_5 JLPT_N5
練習,れんしゅう (する),(to) practice,JLPT JLPT_5 JLPT_N5
廊下,ろうか,corridor,JLPT JLPT_5 JLPT_N5
六,ろく,six,JLPT JLPT_5 JLPT_N5
ワイシャツ,ワイシャツ,"shirt (lit: white shirt), business shirt",JLPT JLPT_5 JLPT_N5
若い,わかい,young,Genki Genki_Ln.9 Intermediate_Japanese Intermediate_Japanese_Ln.1 JLPT JLPT_5 JLPT_N5
分かる,わかる,to understand,JLPT JLPT_5 JLPT_N5
忘れる,わすれる,to forget,Intermediate_Japanese Intermediate_Japanese_Ln.3 JLPT JLPT_5 JLPT_N5
私,わたし,"I, myself",Genki Genki_Ln.1 JLPT JLPT_5 JLPT_N5
私,わたくし,"I (formal), myself, private affairs",Genki Genki_Ln.13 JLPT JLPT_2 JLPT_5 JLPT_N5
渡す,わたす,to hand (something) over (v.t.); to get across,Intermediate_Japanese Intermediate_Japanese_Ln.6 JLPT JLPT_5 JLPT_N5
渡る,わたる,"to cross over, to go across",JLPT JLPT_5 JLPT_N5
悪い,わるい,"bad, sinful; inferior",Genki Genki_Ln.12 Intermediate_Japanese Intermediate_Japanese_Ln.3 JLPT JLPT_5 JLPT_N5
踏む,ふむ,"to step on, to tread on",JLPT JLPT_N4
～区,～く,"~ district, ~ ward, ~ borough",JLPT JLPT_N4
すっと,すっと,"straight, quickly",JLPT JLPT_N4
盗む,ぬすむ,to steal; to rob,Genki Genki_Ln.21 JLPT JLPT_N4
大抵,たいてい,"generally, usually",Genki Genki_Ln.3 JLPT JLPT_N4
とうとう,とうとう,"finally, at last",JLPT JLPT_N4
ガソリン,ガソリン,"gasoline, petrol",Genki Genki_Ln.21 JLPT JLPT_N4
鳴る,なる,"to sound, to ring (v.i.)",Intermediate_Japanese_Ln.2 JLPT JLPT_N4
しっかり,しっかり,"firmly, steady",JLPT JLPT_N4
生きる,いきる,to live,JLPT JLPT_N4
苦い,にがい,bitter,JLPT JLPT_N4
沸く,わく,"to boil, to grow hot",JLPT JLPT_N4
意見,いけん,"opinion, view, idea",JLPT JLPT_N4
やはり; やっぱり,やはり; やっぱり,"as I thought, absolutely",JLPT JLPT_N4
漫画,まんが,"comic (book), cartoon",Genki Genki_Ln.14 JLPT JLPT_N4
ステレオ,ステレオ,stereo,JLPT JLPT_N4
医学,いがく,medical science,JLPT JLPT_N4
テキスト,テキスト,text; text book,JLPT JLPT_N4
～月,～つき,month,JLPT JLPT_N4
折る,おる,"to snap, to break; to bend",JLPT JLPT_N4
～会,～かい,~ meeting,JLPT JLPT_N4
うかがう,うかがう,to ask,JLPT JLPT_N4
聞こえる,きこえる,"to be heard, to be audible",JLPT JLPT_N4
僕,ぼく,I (used by men towards those of equal or lower status),Genki Genki_Ln.5 JLPT JLPT_N4
必ず,かならず,"surely, certainly",Intermediate_Japanese_Ln.8 JLPT JLPT_N4
壊す,こわす,"to break, to break down",JLPT JLPT_N4
怒る,おこる,to get angry; to scold angrily,Genki Genki_Ln.19 JLPT JLPT_N4
床屋,とこや,barber's (shop),Genki Genki_Ln.10 Intermediate_Japanese_Ln.6 JLPT JLPT_N4
オートバイ,オートバイ,motorcycle (lit: auto-bi(ke)),JLPT JLPT_N4
運動,うんどうする,exercise,JLPT JLPT_N4
止む,やむ,"to cease, to stop",JLPT JLPT_N4
もし,もし,if,JLPT JLPT_N4
表,おもて,surface; front; outside,JLPT JLPT_N4
大学生,だいがくせい,"college student, university student",Genki Genki_Ln.1 Genki_Ln.8 JLPT JLPT_N4
運転手,うんてんしゅ,driver (by occupation),Intermediate_Japanese_Ln.6 JLPT JLPT_N4
予習,よしゅう,preparation of lessons (for class),Genki Genki_Ln.22 Intermediate_Japanese_Ln.5 JLPT JLPT_N4
心配,しんぱいする,"worry, concern",JLPT JLPT_N4
別,べつ,"distinction, different",JLPT JLPT_N4
非常に,ひじょうに,extremely; very,Intermediate_Japanese_Ln.2 JLPT JLPT_N4
お宅,おたく,(someone else's) house; home -- polite word for 家 (いえ) --,Genki Genki_Ln.13 Intermediate_Japanese_Ln.7 JLPT JLPT_N4
柔らかい,やわらかい,"soft (in reference to texture), tender",JLPT JLPT_N4
拾う,ひろう,"to pick up (something), to find",Genki Genki_Ln.22 JLPT JLPT_N4
～ございます,～ございます,"to be (polite), to exist",JLPT JLPT_N4
気,き,"spirit, mood",JLPT JLPT_N4
比べる,くらべる,to compare,JLPT JLPT_N4
ほとんど,ほとんど,"mostly, almost",Intermediate_Japanese_Ln.7 JLPT JLPT_N4
つもり,つもり,"intention, plan",JLPT JLPT_N4
郊外,こうがい,"suburb, outskirts",JLPT JLPT_N4
だめ,だめ,"useless, no good, hopeless",JLPT JLPT_N4
売り場,うりば,place where things are sold,JLPT JLPT_N4
正月,しょうがつ,"New Year, New Year's Day",JLPT JLPT_N4
規則,きそく,"rule, regulation",JLPT JLPT_N4
うん,うん,"yes (informal), all right (ok)",Genki Genki_Ln.8 JLPT JLPT_N4
発音,はつおん,pronunciation,JLPT JLPT_N4
焼く,やく,"to bake, to grill",Genki Genki_Ln.21 JLPT JLPT_N4
屋上,おくじょう,rooftop,JLPT JLPT_N4
失礼,しつれい,"discourtesy, impoliteness; Excuse me",JLPT JLPT_N4
ごみ,ごみ,"trash, garbage",Genki Genki_Ln.16 JLPT JLPT_N4
アフリカ,アフリカ,Africa,JLPT JLPT_N4
点,てん,"mark, score, grade; point, dot",Intermediate_Japanese_Ln.5 JLPT JLPT_N4
一生懸命,いっしょうけんめい,"very hard (as in ""to work hard""), with utmost effort",Intermediate_Japanese_Ln.5 JLPT JLPT_N4
今度,こんど,"now, this time, near future, one of these days, next time",Genki Genki_Ln.9 JLPT JLPT_N4
機会,きかい,"chance, opportunity",JLPT JLPT_N4
建てる,たてる,to build,JLPT JLPT_N4
複雑,ふくざつ,"complexity, complication",JLPT JLPT_N4
彼,かれ,"he, boyfriend",Genki Genki_Ln.12 Intermediate_Japanese_Ln.8 JLPT JLPT_N4
いらっしゃる,いらっしゃる,"-- honorific expression for いく, くる, and いる --",Genki Genki_Ln.19 JLPT JLPT_N4
布団,ふとん,futon,JLPT JLPT_N4
大事,だいじ,"important, valuable, serious matter",JLPT JLPT_N4
贈り物,おくりもの,a gift; a present,Intermediate_Japanese_Ln.9 JLPT JLPT_N4
泥棒,どろぼう,thief; burglar,Genki Genki_Ln.21 JLPT JLPT_N4
～製,～せい,made in ~,JLPT JLPT_N4
注意,ちゅうい,"caution, attention",JLPT JLPT_N4
台風,たいふう,typhoon,Genki Genki_Ln.16 JLPT JLPT_N4
日,ひ,"sun, sunshine, day",Genki Genki_Ln.16 JLPT JLPT_N4
～軒,～けん,counter for houses,JLPT JLPT_N4
そう,そう,"really, (is that) so; yes, right",JLPT JLPT_N4
通る,とおる,"to pass (by), to go through",JLPT JLPT_N4
過ぎる,すぎる,"to exceed, to go beyond",JLPT JLPT_N4
レポート; リポート,レポート; リポート,report,JLPT JLPT_N4
葉,は,leaf,JLPT JLPT_N4
必要,ひつよう,necessary,JLPT JLPT_N4
課長,かちょう,section manager,Intermediate_Japanese_Ln.7 JLPT JLPT_N4
地震,じしん,earthquake,Genki Genki_Ln.15 JLPT JLPT_N4
すると,すると,"and, then",JLPT JLPT_N4
止める,やめる,"to end, to stop",JLPT JLPT_N4
ガラス,ガラス,"glass, pane",JLPT JLPT_N4
～学部,～がくぶ,department of a university,JLPT JLPT_N4
厳しい,きびしい,hard; rigorous; strict,Genki Genki_Ln.13 Intermediate_Japanese_Ln.5 JLPT JLPT_N4
エスカレーター,エスカレーター,escalator,JLPT JLPT_N4
人口,じんこう,population,Intermediate_Japanese_Ln.4 JLPT JLPT_N4
月,つき,moon,Genki Genki_Ln.20 JLPT JLPT_N4
絹,きぬ,silk,JLPT JLPT_N4
ちっとも,ちっとも,not at all (neg. verb),JLPT JLPT_N4
深い,ふかい,"deep, profound",JLPT JLPT_N4
壊れる,こわれる,"to be broken, to break",JLPT JLPT_N4
揺れる,ゆれる,"to shake, to sway",JLPT JLPT_N4
落る,おちる,"to fall, to drop",JLPT JLPT_N4
できるだけ,できるだけ,"if at all possible, as much as possible",JLPT JLPT_N4
悲しい,かなしい,"sad, sorrowful",Genki Genki_Ln.13 JLPT JLPT_N4
中学校,ちゅうがっこう,junior high school pupil,JLPT JLPT_N4
ガス,ガス,gas,JLPT JLPT_N4
祈る,いのる,to pray; to wish,JLPT JLPT_N4
盛ん,さかん,"prosperous, active, thriving",JLPT JLPT_N4
アルバイト,アルバイト,part-time job,Genki Genki_Ln.4 JLPT JLPT_N4
起こす,おこす,to wake (someone) up,Genki Genki_Ln.16 JLPT JLPT_N4
致す,いたす,-- extra-modest expression for する --,Genki Genki_Ln.20 JLPT JLPT_N4
噛む,かむ,"to bite, to chew",JLPT JLPT_N4
赤ちゃん,あかちゃん,"baby, infant",Genki Genki_Ln.21 JLPT JLPT_N4
浅い,あさい,"shallow, superficial",JLPT JLPT_N4
うそ,嘘,lie,JLPT JLPT_N4
小説,しょうせつ,novel,Genki Genki_Ln.20 JLPT JLPT_N4
親,おや,a parent,Genki Genki_Ln.16 Intermediate_Japanese_Ln.6 JLPT JLPT_N4
それに,それに,moreover; besides,Intermediate_Japanese_Ln.2 JLPT JLPT_N4
西洋,せいよう,"the West, Western countries",JLPT JLPT_N4
思う,おもう,"to think, to feel",Genki Genki_Ln.8 JLPT JLPT_N4
パート (タイム),パート (タイム),part time (esp. female part time employees),JLPT JLPT_N4
時代,じだい,"age, period, epoch, era",JLPT JLPT_N4
申し上げる,もうしあげる,"(humble)to say, to tell",JLPT JLPT_N4
～式,～しき,~ ceremony; ~ style,JLPT JLPT_N4
出席,しゅっせきする,attendance,JLPT JLPT_N4
～家,～か,person who is specialized in ~,JLPT JLPT_N4
迎える,むかえる,to welcome; to meet; to greet,JLPT JLPT_N4
触る,さわる,"to touch, to feel",JLPT JLPT_N4
建て,～だて,"~ storied, separate housing",JLPT JLPT_N4
社長,しゃちょう,president of a company,Genki Genki_Ln.11 JLPT JLPT_N4
動物園,どうぶつえん,zoo,JLPT JLPT_N4
捕まえる,つかまえる,"to catch, to arrest",JLPT JLPT_N4
季節,きせつ,season (in reference to weather),Genki Genki_Ln.10 Intermediate_Japanese_Ln.9 JLPT JLPT_N4
寄る,よる,to stop by,Genki Genki_Ln.19 Intermediate_Japanese_Ln.3 JLPT JLPT_N4
決まる,きまる,to be set; fixed (v.i.),Intermediate_Japanese_Ln.2 JLPT JLPT_N4
開く,ひらく,to open; to hold (an event),JLPT JLPT_N4
逃げる,にげる,"to escape, to run away",JLPT JLPT_N4
だから,だから,so; therefore,Genki Genki_Ln.4 JLPT JLPT_N4
残念,ざんねん,regret; regrettable,Intermediate_Japanese_Ln.7 JLPT JLPT_N4
畳,たたみ,tatami mat (Japanese straw mat),JLPT JLPT_N4
丁寧,ていねい,"polite, courteous, careful",JLPT JLPT_N4
地理,ちり,geography,JLPT JLPT_N4
さっき,さっき,a little while ago,Genki Genki_Ln.4 JLPT JLPT_N4
怖い,こわい,"scary, frightening",Genki Genki_Ln.5 JLPT JLPT_N4
包む,つつむ,"to wrap, to cover",Genki Genki_Ln.21 JLPT JLPT_N4
なるべく,なるべく,"if possible, as much as possible",Intermediate_Japanese_Ln.3 JLPT JLPT_N4
無理,むり,"unreasonable, impossible",JLPT JLPT_N4
サンドイッチ,サンドイッチ,sandwich,JLPT JLPT_N4
会議室,かいぎしつ,conference room,JLPT JLPT_N4
品物,しなもの,goods,JLPT JLPT_N4
人形,にんぎょう,"doll, figure",JLPT JLPT_N4
利用,りよう,"use, utilization",JLPT JLPT_N4
飾る,かざる,"to decorate, to adorn",JLPT JLPT_N4
止める,とめる,to stop (something),JLPT JLPT_N4
恥ずかしい,はずかしい,"ashamed, embarrassed",Genki Genki_Ln.18 JLPT JLPT_N4
いくら～ても,いくら～ても,however much one may ~,JLPT JLPT_N4
用事,ようじ,business to take care of; tasks; errands,Genki Genki_Ln.12 JLPT JLPT_N4
ビル,ビル,(abbr.) building,JLPT JLPT_N4
けんかする,けんかする,quarrel,JLPT JLPT_N4
頑張る,がんばる,"to try one's best, to try hard, to persist",Genki Genki_Ln.13 JLPT JLPT_N4
投げる,なげる,"to pitch, to cast away",Intermediate_Japanese_Ln.7 JLPT JLPT_N4
故障,こしょうする,breakdown,JLPT JLPT_N4
力,ちから,"strength, power",JLPT JLPT_N4
受ける,うける,"to take (an examination, interview, etc.); to receive",JLPT JLPT_N4
気分,きぶん,"feeling, mood",JLPT JLPT_N4
間違える,まちがえる,to make a mistake,Genki Genki_Ln.21 JLPT JLPT_N4
そんな,そんな,"such, like that, that sort of",JLPT JLPT_N4
星,ほし,star,JLPT JLPT_N4
場合,ばあい,"case, situation",JLPT JLPT_N4
やっと,やっと,"at last, finally",JLPT JLPT_N4
足りる,たりる,to be sufficient; to be enough,Genki Genki_Ln.17 Intermediate_Japanese_Ln.4 JLPT JLPT_N4
行う,おこなう,to carry out; to conduct (typically used in written language),Intermediate_Japanese_Ln.3 JLPT JLPT_N4
ぶどう,ぶどう,grapes,JLPT JLPT_N4
無くなる,なくなる,"to disappear, to get lost",JLPT JLPT_N4
準備,じゅんびする,prepare,JLPT JLPT_N4
世界,せかい,world,Genki Genki_Ln.10 JLPT JLPT_N4
住所,じゅうしょ,address; place of residence,JLPT JLPT_N4
再来月,さらいげつ,the month after next,JLPT JLPT_N4
林,はやし,"woods, forest",JLPT JLPT_N4
倍,ばい,double,JLPT JLPT_N4
痩せる,やせる,to lose weight,Genki Genki_Ln.7 JLPT JLPT_N4
線,せん,"line, wire",JLPT JLPT_N4
戦争,せんそう,war,JLPT JLPT_N4
決める,きめる,to decide (v.t.),Genki Genki_Ln.10 Intermediate_Japanese_Ln.9 JLPT JLPT_N4
調べる,しらべる,to check; to look up; to inquire; to search,JLPT JLPT_N4
寝坊,ねぼう,sleeping in late,JLPT JLPT_N4
パパ,パパ,"papa, daddy",JLPT JLPT_N4
光る,ひかる,"to shine, to glitter",JLPT JLPT_N4
夫,おっと,husband,JLPT JLPT_N4
雲,くも,cloud,JLPT JLPT_N4
坂,さか,"slope, hill",JLPT JLPT_N4
～(て) しまう,～(て) しまう,to end up ~,JLPT JLPT_N4
飛行場,ひこうじょう,airport,JLPT JLPT_N4
柔道,じゅうどう,judo,JLPT JLPT_N4
決して,けっして,never,JLPT JLPT_N4
事務所,じむしょ,office,JLPT JLPT_N4
連絡,れんらく,"communication, contact, connection",JLPT JLPT_N4
小学校,しょうがっこう,elementary school,Genki Genki_Ln.23 JLPT JLPT_N4
客,きゃく,"guest, customer",Intermediate_Japanese_Ln.2 JLPT JLPT_N4
昔,むかし,old days; past,Genki Genki_Ln.21 JLPT JLPT_N4
美しい,うつくしい,"beautiful, lovely",JLPT JLPT_N4
捨てる,すてる,"throw away (trash), dump, discard",Genki Genki_Ln.15 JLPT JLPT_N4
なさる,なさる,-- honorific expression for する --,Genki Genki_Ln.19 JLPT JLPT_N4
事,こと,"thing(s), matter(s), fact",Genki Genki_Ln.21 JLPT JLPT_N4
どんどん,どんどん,quickly and steadily; at a rapid pace,JLPT JLPT_N4
試合,しあい,"match, game, competition",Genki Genki_Ln.12 Intermediate_Japanese_Ln.7 JLPT JLPT_N4
適当,てきとう,"fitness, suitability",JLPT JLPT_N4
素晴らしい,すばらしい,wonderful; terrific,Intermediate_Japanese_Ln.4 JLPT JLPT_N4
美術館,びじゅつかん,"art gallery, art museum",Genki Genki_Ln.11 JLPT JLPT_N4
文法,ぶんぽう,grammar,Genki Genki_Ln.13 JLPT JLPT_N4
終わり,おわり,end,JLPT JLPT_N4
壁,かべ,wall,JLPT JLPT_N4
一度,いちど,"once, one time",JLPT JLPT_N4
お礼,おれい,expression of gratitude; thanking; gift of appreciation; bow,Genki Genki_Ln.19 Intermediate_Japanese_Ln.9 JLPT JLPT_N4
親切,しんせつ,kindness,JLPT JLPT_N4
知らせる,しらせる,to notify,JLPT JLPT_N4
歯医者,はいしゃ,dentist,JLPT JLPT_N4
熱心,ねっしん,enthusiasm,JLPT JLPT_N4
始める,はじめる,"to start, to begin",Genki Genki_Ln.8 JLPT JLPT_N4
もらう,もらう,to receive,JLPT JLPT_N4
泣く,なく,to cry,Genki Genki_Ln.13 JLPT JLPT_N4
治る,なおる,to get better; to recover from illness (v.i.),JLPT JLPT_N4
熱,ねつ,"fever, temperature",Intermediate_Japanese_Ln.3 JLPT JLPT_N4
お祭り,おまつり,festival,JLPT JLPT_N4
水道,すいどう,"water service, water line",JLPT JLPT_N4
匂い,におい,"odor, smell",JLPT JLPT_N4
ベル,ベル,bell,JLPT JLPT_N4
赤ん坊,あかんぼう,baby,JLPT JLPT_N4
おかしい,おかしい,strange; odd; funny,Intermediate_Japanese_Ln.2 JLPT JLPT_N4
事故,じこ,accident,JLPT JLPT_N4
変,へん,"strange, odd",JLPT JLPT_N4
辞典,じてん,"encyclopedia, reference book",JLPT JLPT_N4
残る,のこる,"to remain (v.i.), to be left",JLPT JLPT_N4
立てる,たてる,"to stand (something) up, to erect (something)",JLPT JLPT_N4
くれる,くれる,"to give, to do for",JLPT JLPT_N4
～員,～いん,member of ~,JLPT JLPT_N4
原因,げんいん,"cause, origin, source",JLPT JLPT_N4
驚く,おどろく,"to be surprised, to be astonished",Intermediate_Japanese_Ln.8 JLPT JLPT_N4
いただく,頂く,-- extra-modest expression for たべる and のむ; humble expression for もらう --,Genki Genki_Ln.20 JLPT JLPT_N4
祖母,そぼ,grandmother,JLPT JLPT_N4
場所,ばしょ,"place, location",Genki Genki_Ln.23 Intermediate_Japanese_Ln.5 JLPT JLPT_N4
答,こたえ,"answer, response",JLPT JLPT_N4
もちろん,もちろん,"certainly, of course",Genki Genki_Ln.7 Intermediate_Japanese_Ln.5 JLPT JLPT_N4
漬ける,つける,"to soak, to moisten, to pickle",JLPT JLPT_N4
受付,うけつけ,reception(ist) desk,Genki Genki_Ln.22 Intermediate_Japanese_Ln.8 JLPT JLPT_N4
内,うち,"within, inside",JLPT JLPT_N4
スクリーン,スクリーン,screen,JLPT JLPT_N4
増える,ふえる,"to increase, to multiply",JLPT JLPT_N4
または,または,"or, otherwise",JLPT JLPT_N4
けがする,けがする,"injury (to animate object), hurt",JLPT JLPT_N4
以下,いか,"less than, below",JLPT JLPT_N4
選ぶ,えらぶ,to choose; to select,Genki Genki_Ln.17 Intermediate_Japanese_Ln.3 JLPT JLPT_N4
～ばかり,～ばかり,"just did ~, only",JLPT JLPT_N4
心,こころ,"heart, mind",JLPT JLPT_N4
～だす,～だす,to start doing ~,JLPT JLPT_N4
サラダ,サラダ,salad,JLPT JLPT_N4
届ける,とどける,to deliver (v.t.),Intermediate_Japanese_Ln.9 JLPT JLPT_N4
あいさつする,挨拶,greet(ing),JLPT JLPT_N4
景色,けしき,"scenery, landscape",JLPT JLPT_N4
確か,たしか,"if I remember correctly; certain, definite",Intermediate_Japanese_Ln.4 JLPT JLPT_N4
ステーキ,ステーキ,steak,JLPT JLPT_N4
食料品,しょくりょうひん,"foodstuff, groceries",JLPT JLPT_N4
森,もり,forest,JLPT JLPT_N4
以内,いない,"within, less (no more) than",JLPT JLPT_N4
予定,よてい,"plans, arrangement, schedule",Genki Genki_Ln.15 Intermediate_Japanese_Ln.15 JLPT JLPT_N4
オーバー,オーバー,"overcoat; over, exceeding, exaggeration",JLPT JLPT_N4
乾く,かわく,to get dry,JLPT JLPT_N4
石,いし,stone,JLPT JLPT_N4
思い出す,おもいだす,"to recall, to remember",Intermediate_Japanese_Ln.8 JLPT JLPT_N4
踊る,おどる,to dance,Genki Genki_Ln.9 JLPT JLPT_N4
細かい,こまかい,"small; fine, minute",JLPT JLPT_N4
塗る,ぬる,"to paint, to plaster",JLPT JLPT_N4
ご主人,ごしゅじん,"(your, her) husband",Genki Genki_Ln.14 JLPT JLPT_N4
珍しい,めずらしい,"unusual, rare",Intermediate_Japanese_Ln.4 JLPT JLPT_N4
用,よう,"errand, task, business (to take care of)",Intermediate_Japanese_Ln.9 JLPT JLPT_N4
公務員,こうむいん,"government worker, public servant",JLPT JLPT_N4
お嬢さん,おじょうさん,(someone's) daughter (polite),Genki Genki_Ln.22 JLPT JLPT_N4
用意,ようい,preparation,JLPT JLPT_N4
探す,さがす,"to search, to seek, to look for",Genki Genki_Ln.15 Intermediate_Japanese_Ln.8 JLPT JLPT_N4
形,かたち,shape,JLPT JLPT_N4
運転,うんてんする,driving,JLPT JLPT_N4
すっかり,すっかり,"all, completely",JLPT JLPT_N4
アナウンサー,アナウンサー,announcer,JLPT JLPT_N4
お土産,おみやげ,souvenir,Genki Genki_Ln.4 JLPT JLPT_N4
消しゴム,けしゴム,eraser,JLPT JLPT_N4
旅館,りょかん,a Japanese inn,Genki Genki_Ln.15 Intermediate_Japanese_Ln.6 JLPT JLPT_N4
海岸,かいがん,"coast, seashore",JLPT JLPT_N4
寂しい,さびしい,"lonely, lonesome",Genki Genki_Ln.9 JLPT JLPT_N4
火,ひ,fire,JLPT JLPT_N4
育てる,そだてる,to raise (v.t.); to bring up,Genki Genki_Ln.22 JLPT JLPT_N4
味噌,みそ,"miso, bean paste",JLPT JLPT_N4
お祝い,おいわい,"congratulation, celebration",Intermediate_Japanese_Ln.7 JLPT JLPT_N4
乗り物,のりもの,vehicle,JLPT JLPT_N4
案内,あんないする,"information, guidance",JLPT JLPT_N4
通う,かよう,to go back and forth; to commute,JLPT JLPT_N4
連れる,つれる,"to lead, to take (a person)",JLPT JLPT_N4
技術,ぎじゅつ,"technique, technology, skill",JLPT JLPT_N4
小鳥,ことり,small bird,JLPT JLPT_N4
下宿,げしゅく,"lodging, boarding house",JLPT JLPT_N4
ジャム,ジャム,jam,JLPT JLPT_N4
招待,しょうたいする,invitation,JLPT JLPT_N4
鏡,かがみ,mirror,JLPT JLPT_N4
はず,はず,it should be so,JLPT JLPT_N4
法律,ほうりつ,law,JLPT JLPT_N4
進む,すすむ,"to advance, to proceed",JLPT JLPT_N4
楽む,たのしむ,to enjoy,JLPT JLPT_N4
貿易,ぼうえき,trade,JLPT JLPT_N4
反対,はんたい,"oppose, opposition, resistance",JLPT JLPT_N4
おる,おる,-- extra-modest expression for いる --,Genki Genki_Ln.20 JLPT JLPT_N4
申す,もうす,-- extra-modest (humble) expression for 言う (いう) --,Genki Genki_Ln.20 JLPT JLPT_N4
試験,しけん,an exam,Genki Genki_Ln.9 JLPT JLPT_N4
真面目,まじめ,"diligent, serious",JLPT JLPT_N4
ごらんになる,,-- honorific expression for みる --,Genki Genki_Ln.19 JLPT JLPT_N4
店員,てんいん,clerk; shop-employee,Intermediate_Japanese_Ln.6 JLPT JLPT_N4
泊まる,とまる,to stay (over night) (v.i.),JLPT JLPT_N4
よろしい,よろしい,"(hon.) good, OK, all right",JLPT JLPT_N4
今夜,こんや,"this evening, tonight",JLPT JLPT_N4
おつり,おつり,change; balance of money returned to the purchaser,JLPT JLPT_N4
チェックする,チェックする,check,JLPT JLPT_N4
会話,かいわ,conversation,JLPT JLPT_N4
空気,くうき,"air, atmosphere",Genki Genki_Ln.8 JLPT JLPT_N4
交通,こうつう,"traffic, transportation",JLPT JLPT_N4
ワープロ,ワープロ,word processor,JLPT JLPT_N4
喜ぶ,よろこぶ,"to rejoice, to be delighted, to be glad",JLPT JLPT_N4
急行,きゅうこう,express train or bus,Intermediate_Japanese_Ln.7 JLPT JLPT_N4
皆,みな,everyone,JLPT JLPT_N4
味,あじ,"flavor, taste",JLPT JLPT_N4
空港,くうこう,airport,Genki Genki_Ln.20 JLPT JLPT_N4
手袋,てぶくろ,glove(s),Genki Genki_Ln.10 JLPT JLPT_N4
校長,こうちょう,"principal, headmaster",JLPT JLPT_N4
ごちそう,ごちそう,"feast, treating (someone)",JLPT JLPT_N4
踊り,おどり,dance,JLPT JLPT_N4
興味,きょうみ,interest (in something),JLPT JLPT_N4
引っ越す,ひっこす,to move to a new place of residence,JLPT JLPT_N4
冷房,れいぼう,"cooling, air conditioning",JLPT JLPT_N4
都合,つごう,"circumstances, convenience",JLPT JLPT_N4
遠慮,えんりょする,"restraint, reserve, hesitate",JLPT JLPT_N4
亡くなる,なくなる,to pass away,JLPT JLPT_N4
科学,かがく,science,Genki Genki_Ln.1 JLPT JLPT_N4
はっきり,はっきり,"clearly, distinctly",JLPT JLPT_N4
差し上げる,さしあげる,-- humble expression for あげる --,Genki Genki_Ln.20 JLPT JLPT_N4
気持ち,きもち,"feeling, sensation, mood",JLPT JLPT_N4
祖父,そふ,grandfather,JLPT JLPT_N4
港,みなと,"harbor, port",JLPT JLPT_N4
予約,よやく,reservation,Genki Genki_Ln.10 JLPT JLPT_N4
凄い,すごい,"terrific, great",JLPT JLPT_N4
入学,にゅうがくする,entry to school or university,JLPT JLPT_N4
片付ける,かたづける,"to (clean) tidy up (v.t.), to put away",JLPT JLPT_N4
写す,うつす,to copy (v.t.); to photograph,JLPT JLPT_N4
パソコン,パソコン,(personal) computer,JLPT JLPT_N4
部長,ぶちょう,department (division) manager,Genki Genki_Ln.19 Intermediate_Japanese_Ln.15 JLPT JLPT_N4
火事,かじ,fire,JLPT JLPT_N4
足す,たす,to add (numbers),JLPT JLPT_N4
教会,きょうかい,church,Intermediate_Japanese_Ln.9 JLPT JLPT_N4
彼ら,かれら,they (usually male),JLPT JLPT_N4
いっぱい,一杯,"full, to the utmost",JLPT JLPT_N4
アメリカ,アメリカ,"America, U.S.A.",Genki Genki_Ln.1 Genki_Ln.2 JLPT JLPT_N4
男性,だんせい,man; male,JLPT JLPT_N4
理由,りゆう,reason,JLPT JLPT_N4
生産,せいさんする,production; to produce,JLPT JLPT_N4
着物,きもの,kimono; Japanese traditional dress,Genki Genki_Ln.13 JLPT JLPT_N4
おもちゃ,おもちゃ,a toy,Genki Genki_Ln.11 JLPT JLPT_N4
暮れる,くれる,"to get dark, to come to an end",JLPT JLPT_N4
釣る,つる,to fish,JLPT JLPT_N4
～ちゃん,～ちゃん,suffix for familiar (female) person,JLPT JLPT_N4
打つ,うつ,"to hit, to strike",JLPT JLPT_N4
あんな,あんな,"such, like that",JLPT JLPT_N4
謝る,あやまる,to apologize,JLPT JLPT_N4
昼間,ひるま,"daytime, during the day",JLPT JLPT_N4
教育,きょういく,education,JLPT JLPT_N4
女性,じょせい,woman,JLPT JLPT_N4
米,こめ,uncooked rice,JLPT JLPT_N4
邪魔,じゃま,"hindrance, intrusion",JLPT JLPT_N4
国際,こくさい,international,JLPT JLPT_N4
隅,すみ,corner,JLPT JLPT_N4
伺う,うかがう,"humble form of 行く (いく), 聞く (きく) and 来る (くる)",JLPT JLPT_N4
再来週,さらいしゅう,the week after next,JLPT JLPT_N4
夢,ゆめ,a dream,Genki Genki_Ln.11 JLPT JLPT_N4
喉,のど,throat,JLPT JLPT_N4
最近,さいきん,"recently, nowadays, in recent years, most recent, latest",Genki Genki_Ln.15 Intermediate_Japanese_Ln.9 JLPT JLPT_N4
周り,まわり,surroundings,JLPT JLPT_N4
歴史,れきし,history,Genki Genki_Ln.1 Genki_Ln.2 Intermediate_Japanese_Ln.3 JLPT JLPT_N4
不便,ふべん,inconvenience,JLPT JLPT_N4
血,ち,blood,JLPT JLPT_N4
～続ける,～つづける,to continue doing ~,JLPT JLPT_N4
毛,け,"hair, fur",JLPT JLPT_N4
ひどい,ひどい,"terrible, awful, unfair, cruel",Genki Genki_Ln.21 Intermediate_Japanese_Ln.4 JLPT JLPT_N4
例えば,たとえば,"for example, e.g.",Genki Genki_Ln.17 Intermediate_Japanese_Ln.2 JLPT JLPT_N4
中々,なかなか,"very, considerably, quite",JLPT JLPT_N4
随分,ずいぶん,extremely,JLPT JLPT_N4
～やすい,～やすい,easy to do ~,JLPT JLPT_N4
押し入れ,おしいれ,closet,JLPT JLPT_N4
電灯,でんとう,electric light,JLPT JLPT_N4
叱る,しかる,to scold,JLPT JLPT_N4
サンダル,サンダル,sandal,JLPT JLPT_N4
びっくりする,びっくりする,to be surprised,Genki Genki_Ln.21 JLPT JLPT_N4
うまい,うまい,delicious; skillful; fortunate,JLPT JLPT_N4
変える,かえる,"to change, to alter, to vary",JLPT JLPT_N4
講堂,こうどう,auditorium,JLPT JLPT_N4
子,こ,child,JLPT JLPT_N4
沸かす,わかす,to boil,JLPT JLPT_N4
レジ,レジ,register,JLPT JLPT_N4
しばらく,しばらく,little while,JLPT JLPT_N4
特に,とくに,particularly,Intermediate_Japanese_Ln.3 JLPT JLPT_N4
空く,あく,"to open, to become empty (vacant)",JLPT JLPT_N4
計画,けいかくする,"plan, project, schedule",JLPT JLPT_N4
通り,とおり,"~ Street, ~ Avenue",JLPT JLPT_N4
下着,したぎ,underwear,JLPT JLPT_N4
経済,けいざい,"economics, finance, economy",JLPT JLPT_N4
こう,こう,"like this, this way",JLPT JLPT_N4
是非,ぜひ,"certainly, by all means; without fail",Genki Genki_Ln.9 Intermediate_Japanese_Ln.15 Intermediate_Japanese_Ln.8 JLPT JLPT_N4
裏,うら,"reverse side, back",JLPT JLPT_N4
為,ため,"good, advantage, in order to",JLPT JLPT_N4
おいでになる,おいでになる,(hon.) to be,JLPT JLPT_N4
変わる,かわる,"to change (v.i.), to be transformed, to vary",Intermediate_Japanese_Ln.4 JLPT JLPT_N4
以外,いがい,"other than, with the exception of, excepting",Intermediate_Japanese_Ln.3 JLPT JLPT_N4
済む,すむ,"to finish, to end",JLPT JLPT_N4
ハンバーグ,ハンバーグ,hamburger steak,JLPT JLPT_N4
市,し,city,JLPT JLPT_N4
引き出し,ひきだし,drawer,JLPT JLPT_N4
遊び,あそび,play,JLPT JLPT_N4
支度,したくする,preparation,JLPT JLPT_N4
～始める,～はじめる,to start doing ~,JLPT JLPT_N4
見える,みえる,to be visible; -- polite verb meaning 来る (くる) --,Genki Genki_Ln.15 JLPT JLPT_N4
十分,じゅうぶん,enough,JLPT JLPT_N4
音,おと,"sound, note",Genki Genki_Ln.20 JLPT JLPT_N4
きっと,きっと,"surely, definitely, undoubtedly, certainly",Intermediate_Japanese_Ln.7 JLPT JLPT_N4
まず,まず,"first (of all), to start with",Genki Genki_Ln.18 JLPT JLPT_N4
遠く,とおく,"far away, distant",JLPT JLPT_N4
大体,だいたい,approximately; in most cases; in general; to begin with (same as もともと),Intermediate_Japanese_Ln.15 Intermediate_Japanese_Ln.3 JLPT JLPT_N4
折れる,おれる,"to break, to be folded, to give in; to turn (a corner)",JLPT JLPT_N4
正しい,ただしい,correct,JLPT JLPT_N4
輸入,ゆにゅう,import,JLPT JLPT_N4
返事,へんじ,"reply, answer",JLPT JLPT_N4
都,と,metropolitan,JLPT JLPT_N4
産業,さんぎょう,industry,JLPT JLPT_N4
伝える,つたえる,"to convey (a message); to tell, to report",Genki Genki_Ln.20 Intermediate_Japanese_Ln.15 JLPT JLPT_N4
お金持ち,かねもち; おかねもち,rich person,JLPT JLPT_N4
説明,せつめい,explanation,JLPT JLPT_N4
島,しま,island,Intermediate_Japanese_Ln.5 JLPT JLPT_N4
道具,どうぐ,tool,JLPT JLPT_N4
滑る,すべる,"to slide, to slip",JLPT JLPT_N4
それほど,それほど,to that degree; extent,JLPT JLPT_N4
以上,いじょう,more than; this is all,JLPT JLPT_N4
～まま,～まま,as it is,JLPT JLPT_N4
特急,とっきゅう,limited express (train faster than an express),JLPT JLPT_N4
プレゼント,プレゼント,"present, gift",Genki Genki_Ln.12 JLPT JLPT_N4
～(に) よると,～(に) よると,according to ~,JLPT JLPT_N4
妻,つま,wife (humble),JLPT JLPT_N4
帰り,かえり,"return, coming back",JLPT JLPT_N4
具合,ぐあい,"condition, state, health",JLPT JLPT_N4
堅; 硬; 固い,かたい,"solid, hard, firm",JLPT JLPT_N4
駐車場,ちゅうしゃじょう,parking lot,JLPT JLPT_N4
スーツ,スーツ,suit,JLPT JLPT_N4
危険,きけん,"danger, risk, hazard",Intermediate_Japanese_Ln.15 JLPT JLPT_N4
髪,かみ,hair,Genki Genki_Ln.7 JLPT JLPT_N4
天気予報,てんきよほう,weather forecast,Genki Genki_Ln.8 JLPT JLPT_N4
彼女,かのじょ,girlfriend; she,Genki Genki_Ln.12 JLPT JLPT_N4
間,あいだ,"space, interval",JLPT JLPT_N4
卒業,そつぎょう,graduation,JLPT JLPT_N4
それで,それで,"and (conj.), thereupon, because of that",JLPT JLPT_N4
枝,えだ,"branch, twig",JLPT JLPT_N4
専門,せんもん,major; speciality,Genki Genki_Ln.1 JLPT JLPT_N4
そろそろ,そろそろ,"gradually, soon",JLPT JLPT_N4
送る,おくる,"to send, to dispatch",Genki Genki_Ln.14 Intermediate_Japanese_Ln.3 JLPT JLPT_N4
あげる,あげる,to give,JLPT JLPT_N4
騒ぐ,さわぐ,"to make noise, to clamor",JLPT JLPT_N4
尋ねる,たずねる,to inquire (same as 質問する),JLPT JLPT_N4
放送,ほうそうする,broadcasting,JLPT JLPT_N4
政治,せいじ,politics,Genki Genki_Ln.1 Genki_Ln.12 Intermediate_Japanese_Ln.3 JLPT JLPT_N4
市民,しみん,citizen,JLPT JLPT_N4
ファックス,ファックス,fax,JLPT JLPT_N4
負ける,まける,"to lose (a game) (v.i.), to be defeated",Intermediate_Japanese_Ln.7 JLPT JLPT_N4
指輪,ゆびわ,(finger) ring,Genki Genki_Ln.14 JLPT JLPT_N4
田舎,いなか,"rural, countryside",JLPT JLPT_N4
見つける,みつける,"to discover, to find (v.t.)",Genki Genki_Ln.21 JLPT JLPT_N4
高校生,こうこうせい,high school student,Genki Genki_Ln.1 JLPT JLPT_N4
講義,こうぎ,a lecture,Intermediate_Japanese_Ln.5 JLPT JLPT_N4
そんなに,そんなに,"so much, like that",JLPT JLPT_N4
昼休み,ひるやすみ,"lunch break, noon recess",JLPT JLPT_N4
忘れ物,わすれもの,"lost article, something forgotten",JLPT JLPT_N4
下りる,おりる,"to get down, to go; come down",JLPT JLPT_N4
腕,うで,arm (in reference to body),Intermediate_Japanese_Ln.7 JLPT JLPT_N4
訳,わけ,reason; explanation,JLPT JLPT_N4
承知,しょうちする,"consent, acceptance",JLPT JLPT_N4
日記,にっき,"diary, journal",Genki Genki_Ln.18 JLPT JLPT_N4
高校; 高等学校,こうこう; こうとうがっこう,high school; senior high school,JLPT JLPT_N4
似る,にる,"to resemble, to be similar",JLPT JLPT_N4
～おわる,～おわる,to finish doing ~,JLPT JLPT_N4
暖房,だんぼう,heating,JLPT JLPT_N4
留守,るす,absence; not at home,Genki Genki_Ln.21 JLPT JLPT_N4
割合,わりあい,"rate, ratio, percentage",JLPT JLPT_N4
寺,てら,Buddhist temple,JLPT JLPT_N4
慣れる,なれる,to grow accustomed to,JLPT JLPT_N4
普通,ふつう,common; usual,Intermediate_Japanese_Ln.2 Intermediate_Japanese_Ln.3 JLPT JLPT_N4
手伝う,てつだう,to help,JLPT JLPT_N4
なるほど,なるほど,I see; I now understand,Intermediate_Japanese_Ln.6 JLPT JLPT_N4
くださる,くださる,"(hon.) to give, to confer",JLPT JLPT_N4
息子,むすこ,(humble) son,JLPT JLPT_N4
お子さん,おこさん,(someone else's) child (polite),Genki Genki_Ln.19 JLPT JLPT_N4
会場,かいじょう,"venue, meeting place",JLPT JLPT_N4
笑う,わらう,"to laugh, to smile",JLPT JLPT_N4
運ぶ,はこぶ,"to transport, to carry",Genki Genki_Ln.22 Intermediate_Japanese_Ln.6 JLPT JLPT_N4
文学,ぶんがく,literature,Genki Genki_Ln.1 Intermediate_Japanese_Ln.3 JLPT JLPT_N4
光,ひかり,light,JLPT JLPT_N4
お見舞い,おみまい,"calling on someone who is ill, visit",JLPT JLPT_N4
席,せき,a seat,Intermediate_Japanese_Ln.7 JLPT JLPT_N4
～様,～さま,"Mr., Mrs., Ms.",JLPT JLPT_N4
ご存じ,ごぞんじ,"knowing, acquaintance",JLPT JLPT_N4
下る,さがる,"to descend, to drop, to fall",JLPT JLPT_N4
字,じ,letter; character,Genki Genki_Ln.20 JLPT JLPT_N4
アジア,アジア,Asia,JLPT JLPT_N4
褒める,ほめる,to praise; to say nice things,Genki Genki_Ln.21 JLPT JLPT_N4
空く,すく,"to be empty (in reference to people), to be less crowded",JLPT JLPT_N4
あ,あ,Ah,JLPT JLPT_N4
最も,もっとも,most,JLPT JLPT_N4
合う,あう,"to fit, to match",JLPT JLPT_N4
～代,～だい,~ age; period,JLPT JLPT_N4
最後,さいご,"last, end",JLPT JLPT_N4
値段,ねだん,price,JLPT JLPT_N4
退院,たいいんする,leaving hospital,JLPT JLPT_N4
展覧会,てんらんかい,exhibition,JLPT JLPT_N4
久しぶり,ひさしぶり,it has been a long time; for the first time in a long time,Genki Genki_Ln.11 Intermediate_Japanese_Ln.4 JLPT JLPT_N4
カーテン,カーテン,curtain,Genki Genki_Ln.18 JLPT JLPT_N4
汽車,きしゃ,train (steam),JLPT JLPT_N4
遅れる,おくれる,to (be) become late,Genki Genki_Ln.19 Intermediate_Japanese_Ln.2 JLPT JLPT_N4
見つかる,みつかる,"to be found (v.i.), to be discovered",JLPT JLPT_N4
召し上がる,めしあがる,-- honorific form of 食べる (たべる) and 飲む (のむ) --,Genki Genki_Ln.19 Intermediate_Japanese_Ln.6 JLPT JLPT_N4
太る,ふとる,to gain weight,Genki Genki_Ln.7 JLPT JLPT_N4
注射,ちゅうしゃ,injection,JLPT JLPT_N4
様,よう,"way, manner, kind",JLPT JLPT_N4
～おき,～おき,after every ~,JLPT JLPT_N4
最初,さいしょ,"beginning, first",JLPT JLPT_N4
御～,ご～,honorable ~,JLPT JLPT_N4
安心,あんしん,"peace of mind, relief",JLPT JLPT_N4
直る,なおる,to be fixed,JLPT JLPT_N4
集める,あつめる,"to collect, to gather (v.t.), to assemble",Genki Genki_Ln.16 Intermediate_Japanese_Ln.7 JLPT JLPT_N4
直す,なおす,to correct (v.t.); to fix,Genki Genki_Ln.16 JLPT JLPT_N4
続く,つづく,to be continued,JLPT JLPT_N4
先輩,せんぱい,senior members of a group,Genki Genki_Ln.22 JLPT JLPT_N4
約束,やくそく,"arrangement, appointment, promise",Genki Genki_Ln.13 JLPT JLPT_N4
世話,せわする,looking after; to look after,JLPT JLPT_N4
近所,きんじょ,neighborhood,JLPT JLPT_N4
将来,しょうらい,(in the) future; prospects,Genki Genki_Ln.11 Intermediate_Japanese_Ln.5 JLPT JLPT_N4
億,おく,hundred million,JLPT JLPT_N4
数学,すうがく,mathematics,JLPT JLPT_N4
文化,ぶんか,culture,Genki Genki_Ln.19 JLPT JLPT_N4
払う,はらう,to pay,Genki Genki_Ln.10 Intermediate_Japanese_Ln.3 JLPT JLPT_N4
習慣,しゅうかん,custom (in reference to culture),JLPT JLPT_N4
焼ける,やける,"to burn, to be roasted",JLPT JLPT_N4
君,きみ,you (informal for men),JLPT JLPT_N4
冷える,ひえる,"to grow cold, to cool down",JLPT JLPT_N4
点く,つく,"to be started, to be switched on",JLPT JLPT_N4
この間,このあいだ,"the other day, recently",Genki Genki_Ln.16 JLPT JLPT_N4
かっこう,格好,"appearance, manner, shape, form, posture",JLPT JLPT_N4
かまう,,"to mind, to care about, to be concerned about",JLPT JLPT_N4
続ける,つづける,"to continue, to keep up",Genki Genki_Ln.21 JLPT JLPT_N4
落す,おとす,"to drop, to lose",JLPT JLPT_N4
明日,あす,tomorrow,JLPT JLPT_N4
出発,しゅっぱつする,departure,JLPT JLPT_N4
拝見,はいけんする,"(humble) (polite) seeing, look at",JLPT JLPT_N4
割れる,われる,to break,JLPT JLPT_N4
背中,せなか,back (of body),JLPT JLPT_N4
新聞社,しんぶんしゃ,newspaper company,JLPT JLPT_N4
いじめる,いじめる,"to bully, to torment",Genki Genki_Ln.21 JLPT JLPT_N4
回る、回す,まわる、まわす,"to go around, to revolve",JLPT JLPT_N4
～君,～くん,"Mr. (junior) ~, master ~",JLPT JLPT_N4
おっしゃる,おっしゃる,-- honorific expression for いう --,Genki Genki_Ln.19 JLPT JLPT_N4
眠い,ねむい,"sleepy, drowsy",Genki Genki_Ln.10 JLPT JLPT_N4
濡れる,ぬれる,to get wet,JLPT JLPT_N4
倒れる,たおれる,"to collapse, to break down",JLPT JLPT_N4
スーパー (マーケット),スーパー (マーケット),supermarket,JLPT JLPT_N4
アクセサリー,アクセサリー,accessory,JLPT JLPT_N4
考える,かんがえる,to think (about); to consider,Genki Genki_Ln.18 JLPT JLPT_N4
向かう,むかう,"to face, to go towards",JLPT JLPT_N4
自由,じゆう,freedom,Genki Genki_Ln.22 JLPT JLPT_N4
仕方,しかた,way (of doing something),JLPT JLPT_N4
首,くび,neck,JLPT JLPT_N4
程,ほど,"degree, extent",JLPT JLPT_N4
代わり,かわり,"substitute, replacement",JLPT JLPT_N4
失敗,しっぱい,"failure, mistake",JLPT JLPT_N4
工業,こうぎょう,(manufacturing) industry,JLPT JLPT_N4
移る,うつる,to move (from a house); to transfer (from a department); to shift,JLPT JLPT_N4
スーツケース,スーツケース,suitcase,JLPT JLPT_N4
ひげ,ひげ,beard,Genki Genki_Ln.17 JLPT JLPT_N4
研究室,けんきゅうしつ,the professor's office; laboratory,Intermediate_Japanese_Ln.3 JLPT JLPT_N4
工場,こうじょう,factory,Genki Genki_Ln.21 Intermediate_Japanese_Ln.15 JLPT JLPT_N4
紹介,しょうかい,an introduction,JLPT JLPT_N4
けれど; けれども,けれど; けれども,"but, although",JLPT JLPT_N4
舟,ふね,"ship, boat",JLPT JLPT_N4
動く,うごく,to move,JLPT JLPT_N4
～(に) ついて,～(に) ついて,"about, concerning",JLPT JLPT_N4
コンサート,コンサート,concert,Genki Genki_Ln.9 JLPT JLPT_N4
虫,むし,insect,JLPT JLPT_N4
優しい,やさしい,"kind (person), gentle (person), easy (problem)",Genki Genki_Ln.5 JLPT JLPT_N4
コンピュータ; コンピューター,コンピュータ; コンピューター,computer,JLPT JLPT_N4
植える,うえる,to plant,JLPT JLPT_N4
両方,りょうほう,"both sides, both parties",JLPT JLPT_N4
汚れる,よごれる,to become dirty,JLPT JLPT_N4
水泳,すいえい,swimming,JLPT JLPT_N4
経験,けいけんする,experience,JLPT JLPT_N4
勝つ,かつ,to win,JLPT JLPT_N4
砂,すな,sand,JLPT JLPT_N4
警察,けいさつ,police; police station,Genki Genki_Ln.21 JLPT JLPT_N4
取り替える,とりかえる,"to exchange, to replace",JLPT JLPT_N4
急ぐ,いそぐ,"to hurry, to be in a hurry, to rush",Genki Genki_Ln.6 Intermediate_Japanese_Ln.2 JLPT JLPT_N4
簡単,かんたん,simple,JLPT JLPT_N4
参る,まいる,humble expression for 行く and 来る,Genki Genki_Ln.20 Intermediate_Japanese_Ln.6 JLPT JLPT_N4
全然,ぜんぜん,"not at all; wholly, entirely",JLPT JLPT_N4
特別,とくべつ,special,JLPT JLPT_N4
復習,ふくしゅう,"review (of lessons), revision",JLPT JLPT_N4
間に合う,まにあう,to be in time for,JLPT JLPT_N4
役に立つ,やくにたつ,"to be helpful, to be useful",Intermediate_Japanese_Ln.4 JLPT JLPT_N4
もうすぐ,もうすぐ,very soon; in a few moments; days,Genki Genki_Ln.12 JLPT JLPT_N4
真中,まんなか,"middle, center",JLPT JLPT_N4
戻る,もどる,to return (v.i.); to come back,Genki Genki_Ln.20 Intermediate_Japanese_Ln.8 JLPT JLPT_N4
研究,けんきゅう,"study, research, investigation",JLPT JLPT_N4
ケーキ,ケーキ,cake,Genki Genki_Ln.13 JLPT JLPT_N4
草,くさ,grass,JLPT JLPT_N4
込む,こむ,to be crowded,JLPT JLPT_N4
この頃,このごろ,"these days, nowadays",Genki Genki_Ln.10 JLPT JLPT_N4
訪ねる,たずねる,to visit,JLPT JLPT_N4
下げる,さげる,to lower (v.t.); to hang,Intermediate_Japanese_Ln.2 JLPT JLPT_N4
花見,はなみ,cherry-blossom viewing,JLPT JLPT_N4
途中,とちゅう,"on the way, midway",JLPT JLPT_N4
入院,にゅういんする,hospitalization,JLPT JLPT_N4
乗り換える,のりかえる,"to transfer (trains), to change (bus, train, etc.)",JLPT JLPT_N4
別れる,わかれる,"to part from, to separate",JLPT JLPT_N4
～町,～ちょう,the town of ~,JLPT JLPT_N4
安全,あんぜん,"safety, security",JLPT JLPT_N4
看護婦,かんごふ,(female) nurse,JLPT JLPT_N4
見物,けんぶつ,sightseeing,JLPT JLPT_N4
相談,そうだんする,consultation,JLPT JLPT_N4
ガソリンスタンド,ガソリンスタンド,"gas station, service station",JLPT JLPT_N4
テニス,テニス,tennis,Genki Genki_Ln.3 JLPT JLPT_N4
眠る,ねむる,to sleep,JLPT JLPT_N4
上がる,あがる,"to rise, to go up",JLPT JLPT_N4
翻訳,ほんやく,translation,Intermediate_Japanese_Ln.8 JLPT JLPT_N4
食事,しょくじする,meal,JLPT JLPT_N4
おかげ,お陰,thanks or owing to,JLPT JLPT_N4
娘,むすめ,daughter (humble),JLPT JLPT_N4
湯,ゆ,hot water,JLPT JLPT_N4
競争,きょうそう,"competition, contest",JLPT JLPT_N4
会議,かいぎ,business meeting; conference,Genki Genki_Ln.21 JLPT JLPT_N4
湖,みずうみ,lake,Genki Genki_Ln.11 Intermediate_Japanese_Ln.4 JLPT JLPT_N4
集まる,あつまる,"to gather (v.i.), to collect",Intermediate_Japanese_Ln.7 JLPT JLPT_N4
～にくい,～にくい,difficult to do ~,JLPT JLPT_N4
生活,せいかつする,"living, life; to live",JLPT JLPT_N4
糸,いと,thread,JLPT JLPT_N4
関係,かんけい,"relation(ship), connection",JLPT JLPT_N4
ピアノ,ピアノ,piano,Genki Genki_Ln.9 JLPT JLPT_N4
～目,～め,"number ~ sequence, ~nd; ~th",JLPT JLPT_N4
番組,ばんぐみ,broadcast program,Genki Genki_Ln.15 JLPT JLPT_N4
急,きゅう,"urgent, sudden; steep",JLPT JLPT_N4
棚,たな,"shelves, rack",JLPT JLPT_N4
木綿,もめん,cotton,JLPT JLPT_N4
輸出,ゆしゅつする,export,JLPT JLPT_N4
タイプ,タイプ,"type, style",JLPT JLPT_N4
すり,すり,pickpocket,JLPT JLPT_N4
うれしい,嬉しい,to be happy; to be glad,Genki Genki_Ln.13 JLPT JLPT_N4
アルコール,アルコール,alcohol,JLPT JLPT_N4
ソフト,ソフト,soft; soft hat; software,JLPT JLPT_N4
神社,じんじゃ,Shinto shrine,JLPT JLPT_N4
大分,だいぶ,"fairly well, to a large extent, considerably, pretty much",Intermediate_Japanese_Ln.4 JLPT JLPT_N4
楽しみ,たのしみ,"pleasure, joy",JLPT JLPT_N4
趣味,しゅみ,hobby; pastime,Genki Genki_Ln.20 JLPT JLPT_N4
電報,でんぽう,telegram,JLPT JLPT_N4
家内,かない,(one's own) wife,Intermediate_Japanese_Ln.7 JLPT JLPT_N4
指,ゆび,finger,JLPT JLPT_N4
これから,これから,"from now on, after this",JLPT JLPT_N4
たまに,たまに,occasionally,JLPT JLPT_N4
社会,しゃかい,society,JLPT JLPT_N4